id,chain,block_number,block_timestamp,transaction_hash,transaction_index,log_index,pool_address,fee_tier,sender,recipient,amount0_raw,amount1_raw,sqrt_price_x96,liquidity,tick,token0,token1,token0_symbol,token0_decimals,token1_symbol,token1_decimals,amount0,amount1,token1_per_token0,base_amount,quote_amount,execution_price,pool_price,swap_usd,direction,timestamp,fee_rate,fee_bps
6902,base,50126043,1787041433,2969732837f33eace078ecc97b15861c002c75c57f7f6874683c9678ed6ebd41,80,375,0xd0b53d9277642d899df5c87a3966a349a798f224,500,0x83d55acdc72027ed339d267eebaf9a41e47490d5,0x51c72848c68a965f66fa7a88855f9f7784502a7f,191368774608484128,-362818839,3450610295289930734194051,1097704048242966343,-200841,0x4200000000000000000000000000000000000006,0x833589fcd6edb6e08f4c7c32d4f71b54bda02913,WETH,18,USDC,6,0.1913687746084841,-362.818839,1896.848563539713,0.1913687746084841,-362.818839,1895.9145228487807,1896.848563539713,362.818839,WETH_IN,2026-08-18 08:23:53+00:00,0.0005,5.0
1,base,50126043,1787041433,2097c6bb9bdfb3206b5b6f14df686016515ce7856664b8874070cb9003553a9c,98,400,0xb4cb800910b228ed3d0834cf79d697127bbb00e5,100,0x83d55acdc72027ed339d267eebaf9a41e47490d5,0x51c72848c68a965f66fa7a88855f9f7784502a7f,134021998074756752,-254088771,3449836708337189541373702,170020078104314033,-200846,0x4200000000000000000000000000000000000006,0x833589fcd6edb6e08f4c7c32d4f71b54bda02913,WETH,18,USDC,6,0.1340219980747567,-254.088771,1895.9981558204947,0.1340219980747567,-254.088771,1895.8736226143312,1895.9981558204947,254.088771,WETH_IN,2026-08-18 08:23:53+00:00,0.0001,1.0
6903,base,50126043,1787041433,87aba1735b97d8129135c08cb7171ef9b089ece47f710e042ccfb80c2aed377d,104,428,0xd0b53d9277642d899df5c87a3966a349a798f224,500,0x83d55acdc72027ed339d267eebaf9a41e47490d5,0x51c72848c68a965f66fa7a88855f9f7784502a7f,869276790208660352,-1648005176,3450491348455230000042472,1097704048242966343,-200842,0x4200000000000000000000000000000000000006,0x833589fcd6edb6e08f4c7c32d4f71b54bda02913,WETH,18,USDC,6,0.8692767902086603,-1648.005176,1896.7177923285587,0.8692767902086603,-1648.005176,1895.8347842284093,1896.7177923285587,1648.005176,WETH_IN,2026-08-18 08:23:53+00:00,0.0005,5.0
2,base,50126043,1787041433,d1f5f9262db6295a8b78aa078559f0544c89f82d384de0b334be3bda1fceab59,170,699,0xb4cb800910b228ed3d0834cf79d697127bbb00e5,100,0xc774f0643949d72bc72c470b382b68006a507c6f,0xc774f0643949d72bc72c470b382b68006a507c6f,18064131279348569,-34245976,3449820749952746946688301,170020078104314033,-200846,0x4200000000000000000000000000000000000006,0x833589fcd6edb6e08f4c7c32d4f71b54bda02913,WETH,18,USDC,6,0.0180641312793485,-34.245976,1895.980614701857,0.0180641312793485,-34.245976,1895.799774171868,1895.980614701857,34.245976,WETH_IN,2026-08-18 08:23:53+00:00,0.0001,1.0
3,base,50126043,1787041433,64dfd0b7aba1819b102950e755dc79a1d7fed1e39f74272f4fc58d071839990d,207,784,0xb4cb800910b228ed3d0834cf79d697127bbb00e5,100,0xc774f0643949d72bc72c470b382b68006a507c6f,0xc774f0643949d72bc72c470b382b68006a507c6f,22441067102361763,-42543328,3449800925060203437767419,170020078104314033,-200846,0x4200000000000000000000000000000000000006,0x833589fcd6edb6e08f4c7c32d4f71b54bda02913,WETH,18,USDC,6,0.0224410671023617,-42.543328,1895.9588237123107,0.0224410671023617,-42.543328,1895.7800805970865,1895.9588237123107,42.543328,WETH_IN,2026-08-18 08:23:53+00:00,0.0001,1.0
6904,base,50126046,1787041439,45138ea7d72e7920be20086a00308e42e63561bcce33bd52a1e553ff4ab12069,106,422,0xd0b53d9277642d899df5c87a3966a349a798f224,500,0x83d55acdc72027ed339d267eebaf9a41e47490d5,0x51c72848c68a965f66fa7a88855f9f7784502a7f,1488559205830518016,-2821798474,3450287681621280505932464,1097704048242966343,-200843,0x4200000000000000000000000000000000000006,0x833589fcd6edb6e08f4c7c32d4f71b54bda02913,WETH,18,USDC,6,1.488559205830518,-2821.798474,1896.493889661996,1.488559205830518,-2821.798474,1895.6575344449416,1896.493889661996,2821.798474,WETH_IN,2026-08-18 08:23:59+00:00,0.0005,5.0
4,base,50126046,1787041439,c1c84350af83cc207e450843ce1f4e2d60d771f280ae782eaca16f0ff41ba82f,121,437,0xb4cb800910b228ed3d0834cf79d697127bbb00e5,100,0x83d55acdc72027ed339d267eebaf9a41e47490d5,0x51c72848c68a965f66fa7a88855f9f7784502a7f,210905893606750432,-399807309,3449614617661018122317160,170020077955237329,-200847,0x4200000000000000000000000000000000000006,0x833589fcd6edb6e08f4c7c32d4f71b54bda02913,WETH,18,USDC,6,0.2109058936067504,-399.807309,1895.754045739952,0.2109058936067504,-399.807309,1895.6668406121933,1895.754045739952,399.807309,WETH_IN,2026-08-18 08:23:59+00:00,0.0001,1.0
5,base,50126052,1787041451,95d1c962ea8a64d83d4b6909a511a94127b758488d5111240f1c586b8860f6b7,5,29,0xb4cb800910b228ed3d0834cf79d697127bbb00e5,100,0xfdf682f51fe81aa4898f0ae2163d8a55c127fbc7,0xdaa03f760333a86f2c42cafed465fe8804fc345d,3000000000000000,-5686689,3449611967703853946864288,170020077955237329,-200847,0x4200000000000000000000000000000000000006,0x833589fcd6edb6e08f4c7c32d4f71b54bda02913,WETH,18,USDC,6,0.003,-5.686689,1895.7511331449853,0.003,-5.686689,1895.563,1895.7511331449853,5.686689,WETH_IN,2026-08-18 08:24:11+00:00,0.0001,1.0
9897,base,50126053,1787041453,5e2539105029d44bf69b9a142d2c23c03a6d4696261fdc0b6ecc7f80bc732303,90,422,0x6c561b446416e1a00e8e93e221854d6ea4171372,3000,0x2626664c2603336e57b271c5c0b26f421741e481,0xd0a40c6526acdebd4f6d87931098ff37a9f8e4bf,69300000000000000,-131123839,3451486637330849148169323,32493819528108429730,-200836,0x4200000000000000000000000000000000000006,0x833589fcd6edb6e08f4c7c32d4f71b54bda02913,WETH,18,USDC,6,0.0693,-131.123839,1897.8121607486685,0.0693,-131.123839,1892.118888888889,1897.8121607486685,131.123839,WETH_IN,2026-08-18 08:24:13+00:00,0.003,30.0
6905,base,50126057,1787041461,3447f0118df7bc5dd8fa9d0efe57b4cfce797943176c3a81abbb95b88c89ecb9,75,327,0xd0b53d9277642d899df5c87a3966a349a798f224,500,0x6ff5693b99212da76ad316178a184ab56d299b43,0x6ff5693b99212da76ad316178a184ab56d299b43,-8321724565345616,15790000,3450288820714446608953405,1097704048242966343,-200843,0x4200000000000000000000000000000000000006,0x833589fcd6edb6e08f4c7c32d4f71b54bda02913,WETH,18,USDC,6,-0.0083217245653456,15.79,1896.495141895888,-0.0083217245653456,15.79,1897.443237397537,1896.495141895888,15.79,WETH_OUT,2026-08-18 08:24:21+00:00,0.0005,5.0
6906,base,50126058,1787041463,ef73e5dc574d2b1f24df8c960f6a6a4b1b06e497e2a8b05f6e7768a748f883fb,8,17,0xd0b53d9277642d899df5c87a3966a349a798f224,500,0xd8ba9d1a99fc21f0eca24e9b85737c28a194a4e2,0xd8ba9d1a99fc21f0eca24e9b85737c28a194a4e2,19609517786629894,-37170731,3450286137870403531186879,1097704048242966343,-200843,0x4200000000000000000000000000000000000006,0x833589fcd6edb6e08f4c7c32d4f71b54bda02913,WETH,18,USDC,6,0.0196095177866298,-37.170731,1896.4921925783203,0.0196095177866298,-37.170731,1895.5453879311424,1896.4921925783203,37.170731,WETH_IN,2026-08-18 08:24:23+00:00,0.0005,5.0
6907,base,50126060,1787041467,767a3f7dea4ac8cc00f5d896897d37a3a8847a790591111c81985f86f68e0da0,4,5,0xd0b53d9277642d899df5c87a3966a349a798f224,500,0xd8ba9d1a99fc21f0eca24e9b85737c28a194a4e2,0xd8ba9d1a99fc21f0eca24e9b85737c28a194a4e2,29700000000000000,-56297588,3450282074521515975218324,1097704048242966343,-200843,0x4200000000000000000000000000000000000006,0x833589fcd6edb6e08f4c7c32d4f71b54bda02913,WETH,18,USDC,6,0.0297,-56.297588,1896.487725641611,0.0297,-56.297588,1895.5416835016836,1896.487725641611,56.297588,WETH_IN,2026-08-18 08:24:27+00:00,0.0005,5.0
6,base,50126060,1787041467,36000605ac0769e6ef073edca712399b12d033e95766a647d79d3e7865883e05,118,657,0xb4cb800910b228ed3d0834cf79d697127bbb00e5,100,0x2626664c2603336e57b271c5c0b26f421741e481,0x2626664c2603336e57b271c5c0b26f421741e481,-701264389618961,1329556,3449612587205637271133748,170020077955237329,-200847,0x4200000000000000000000000000000000000006,0x833589fcd6edb6e08f4c7c32d4f71b54bda02913,WETH,18,USDC,6,-0.0007012643896189,1.329556,1895.751814045518,-0.0007012643896189,1.329556,1895.9411310225344,1895.751814045518,1.329556,WETH_OUT,2026-08-18 08:24:27+00:00,0.0001,1.0
6908,base,50126061,1787041469,3a6bef5d0d483b5aa58c3c87827a25cb50fad4ebdcd41c71fc27350ccaa934e8,27,168,0xd0b53d9277642d899df5c87a3966a349a798f224,500,0x6ff5693b99212da76ad316178a184ab56d299b43,0x6ff5693b99212da76ad316178a184ab56d299b43,1055104513459093,-1999992,3450281930169579186904211,1097704048242966343,-200843,0x4200000000000000000000000000000000000006,0x833589fcd6edb6e08f4c7c32d4f71b54bda02913,WETH,18,USDC,6,0.001055104513459,-1.999992,1896.487566952168,0.001055104513459,-1.999992,1895.5392328321611,1896.487566952168,1.999992,WETH_IN,2026-08-18 08:24:29+00:00,0.0005,5.0
7,base,50126061,1787041469,cc3b612be8848bbf772a2c25171d0d3cf2b746455c1ce5866d58f45dfec0157a,74,404,0xb4cb800910b228ed3d0834cf79d697127bbb00e5,100,0x182b51037a9085a1532b63e5aac63bed0789e49c,0x182b51037a9085a1532b63e5aac63bed0789e49c,-7241242467381707,13728997,3449618984182031394780620,170020077955237329,-200847,0x4200000000000000000000000000000000000006,0x833589fcd6edb6e08f4c7c32d4f71b54bda02913,WETH,18,USDC,6,-0.0072412424673817,13.728997,1895.7588450326457,-0.0072412424673817,13.728997,1895.9449378808245,1895.7588450326457,13.728997,WETH_OUT,2026-08-18 08:24:29+00:00,0.0001,1.0
9898,base,50126062,1787041471,8fca3977ef5b45fa1060eaec98e78ea25ec1c53d9fa00861501df807acf8b811,2,4,0x6c561b446416e1a00e8e93e221854d6ea4171372,3000,0x2626664c2603336e57b271c5c0b26f421741e481,0xd0a40c6526acdebd4f6d87931098ff37a9f8e4bf,9900000000000000,-18731975,3451486591657549094182878,32493819528108429730,-200836,0x4200000000000000000000000000000000000006,0x833589fcd6edb6e08f4c7c32d4f71b54bda02913,WETH,18,USDC,6,0.0099,-18.731975,1897.8121105214173,0.0099,-18.731975,1892.1186868686864,1897.8121105214173,18.731975,WETH_IN,2026-08-18 08:24:31+00:00,0.003,30.0
8,base,50126062,1787041471,cf572f79f3e623a8b6fc8255bb52683e8b59e2dfc073e17fe84774e2b1c5c49b,25,153,0xb4cb800910b228ed3d0834cf79d697127bbb00e5,100,0x7747f8d2a76bd6345cc29622a946a929647f2359,0x7747f8d2a76bd6345cc29622a946a929647f2359,-327945165291580,621768,3449619273892196031329667,170020077955237329,-200847,0x4200000000000000000000000000000000000006,0x833589fcd6edb6e08f4c7c32d4f71b54bda02913,WETH,18,USDC,6,-0.0003279451652915,0.621768,1895.759163456584,-0.0003279451652915,0.621768,1895.95110953131,1895.759163456584,0.621768,WETH_OUT,2026-08-18 08:24:31+00:00,0.0001,1.0
9,base,50126062,1787041471,07a04c48d537b9f46663ca755f8c592b86b546891145028996a2f727b8b5e302,96,367,0xb4cb800910b228ed3d0834cf79d697127bbb00e5,100,0x5da10afd615dabd6414898c2d681774eb4b076b5,0x5da10afd615dabd6414898c2d681774eb4b076b5,-1183665817399733,2244171,3449620319555275941456962,170020077955237329,-200847,0x4200000000000000000000000000000000000006,0x833589fcd6edb6e08f4c7c32d4f71b54bda02913,WETH,18,USDC,6,-0.0011836658173997,2.244171,1895.7603127577145,-0.0011836658173997,2.244171,1895.949825542801,1895.7603127577145,2.244171,WETH_OUT,2026-08-18 08:24:31+00:00,0.0001,1.0
10,base,50126063,1787041473,4c67bf3cdfca2f984a481ef7d440f9352c93f689480292e802ea8dc9ab95eacb,56,167,0xb4cb800910b228ed3d0834cf79d697127bbb00e5,100,0xc774f0643949d72bc72c470b382b68006a507c6f,0xc774f0643949d72bc72c470b382b68006a507c6f,-17153059552071130,32521486,3449635472823237134705529,170020077955237329,-200847,0x4200000000000000000000000000000000000006,0x833589fcd6edb6e08f4c7c32d4f71b54bda02913,WETH,18,USDC,6,-0.0171530595520711,32.521486,1895.7769679397015,-0.0171530595520711,32.521486,1895.958321678725,1895.7769679397015,32.521486,WETH_OUT,2026-08-18 08:24:33+00:00,0.0001,1.0
11,base,50126064,1787041475,22c2806d56987ee60a64730d18b8e9cc8e7191dca5e58f2adcf203b0a71b92cd,90,383,0xb4cb800910b228ed3d0834cf79d697127bbb00e5,100,0x95a648ed7a4bfe274dfe6c29e40235efc50a98af,0x95a648ed7a4bfe274dfe6c29e40235efc50a98af,-4611547045469283,8743350,3449639546755200977547247,170020077955237329,-200847,0x4200000000000000000000000000000000000006,0x833589fcd6edb6e08f4c7c32d4f71b54bda02913,WETH,18,USDC,6,-0.0046115470454692,8.74335,1895.781445671338,-0.0046115470454692,8.74335,1895.9689479022225,1895.781445671338,8.74335,WETH_OUT,2026-08-18 08:24:35+00:00,0.0001,1.0
6909,base,50126064,1787041475,b22f206cf29d88ceb6d87316fa60f58bcdece25d1e8d09a88008a078916911a4,115,452,0xd0b53d9277642d899df5c87a3966a349a798f224,500,0xd8ba9d1a99fc21f0eca24e9b85737c28a194a4e2,0xd8ba9d1a99fc21f0eca24e9b85737c28a194a4e2,29700000000000000,-56297451,3450277866830602308072362,1097704048242966343,-200843,0x4200000000000000000000000000000000000006,0x833589fcd6edb6e08f4c7c32d4f71b54bda02913,WETH,18,USDC,6,0.0297,-56.297451,1896.483100031801,0.0297,-56.297451,1895.5370707070708,1896.483100031801,56.297451,WETH_IN,2026-08-18 08:24:35+00:00,0.0005,5.0
6910,base,50126066,1787041479,642a3bb0cd18403e89f41eb5e1dc333b556ca2fc520b4989892ae93c0ac73239,21,123,0xd0b53d9277642d899df5c87a3966a349a798f224,500,0x2626664c2603336e57b271c5c0b26f421741e481,0x2626664c2603336e57b271c5c0b26f421741e481,-990000000000,1879,3450277866966114537244031,1097704048242966343,-200843,0x4200000000000000000000000000000000000006,0x833589fcd6edb6e08f4c7c32d4f71b54bda02913,WETH,18,USDC,6,-9.9e-07,0.001879,1896.483100180773,-9.9e-07,0.001879,1897.979797979798,1896.483100180773,0.001879,WETH_OUT,2026-08-18 08:24:39+00:00,0.0005,5.0
6911,base,50126067,1787041481,60d35ecfa573e827b4856368622547f4ffd60a287558919bba261ea8eee8c135,90,344,0xd0b53d9277642d899df5c87a3966a349a798f224,500,0xd8ba9d1a99fc21f0eca24e9b85737c28a194a4e2,0xd8ba9d1a99fc21f0eca24e9b85737c28a194a4e2,49500000000000000,-93828791,3450271094755753947460851,1097704048242966343,-200843,0x4200000000000000000000000000000000000006,0x833589fcd6edb6e08f4c7c32d4f71b54bda02913,WETH,18,USDC,6,0.0495,-93.828791,1896.475655348565,0.0495,-93.828791,1895.531131313131,1896.475655348565,93.828791,WETH_IN,2026-08-18 08:24:41+00:00,0.0005,5.0
6912,base,50126067,1787041481,08f78e078a4b44cfd77a34f5c3989cdb67a0258b3953b5d668efa83c9906841f,114,421,0xd0b53d9277642d899df5c87a3966a349a798f224,500,0x2626664c2603336e57b271c5c0b26f421741e481,0x0f014545de76a29892b9319e5a4123b28299f33b,668668687563136,-1267479,3450271003273814445058090,1097704048242966343,-200843,0x4200000000000000000000000000000000000006,0x833589fcd6edb6e08f4c7c32d4f71b54bda02913,WETH,18,USDC,6,0.0006686686875631,-1.267479,1896.4755547806592,0.0006686686875631,-1.267479,1895.526175480326,1896.4755547806592,1.267479,WETH_IN,2026-08-18 08:24:41+00:00,0.0005,5.0
6913,base,50126071,1787041489,6ece84dc8a2766020729e119caa64f0fb598fc138891e3015cab4ea26ff4cbfc,10,20,0xd0b53d9277642d899df5c87a3966a349a798f224,500,0xd8ba9d1a99fc21f0eca24e9b85737c28a194a4e2,0xd8ba9d1a99fc21f0eca24e9b85737c28a194a4e2,4950000000000000,-9382858,3450270326054276473424371,1097704048242966343,-200843,0x4200000000000000000000000000000000000006,0x833589fcd6edb6e08f4c7c32d4f71b54bda02913,WETH,18,USDC,6,0.00495,-9.382858,1896.474810299909,0.00495,-9.382858,1895.5268686868687,1896.474810299909,9.382858,WETH_IN,2026-08-18 08:24:49+00:00,0.0005,5.0
12,base,50126072,1787041491,2e80c74d119d0f5232362076a5d13d7627c600d061abe7419791f2858335d1a6,11,17,0xb4cb800910b228ed3d0834cf79d697127bbb00e5,100,0x83d55acdc72027ed339d267eebaf9a41e47490d5,0x51c72848c68a965f66fa7a88855f9f7784502a7f,-147287772268394505,279263887,3449769668751054964412559,170020078104314033,-200846,0x4200000000000000000000000000000000000006,0x833589fcd6edb6e08f4c7c32d4f71b54bda02913,WETH,18,USDC,6,-0.1472877722683944,279.263887,1895.9244678709424,-0.1472877722683944,279.263887,1896.0425750150707,1895.9244678709424,279.263887,WETH_OUT,2026-08-18 08:24:51+00:00,0.0001,1.0
13,base,50126072,1787041491,b65f32cdbce5a9da307c2a9a7e816952ea972c7ba92fcc558cd6f7c52de618f8,74,287,0xb4cb800910b228ed3d0834cf79d697127bbb00e5,100,0xc774f0643949d72bc72c470b382b68006a507c6f,0xc774f0643949d72bc72c470b382b68006a507c6f,-25935130377943623,49176293,3449792582266456604468543,170020078104314033,-200846,0x4200000000000000000000000000000000000006,0x833589fcd6edb6e08f4c7c32d4f71b54bda02913,WETH,18,USDC,6,-0.0259351303779436,49.176293,1895.949653574882,-0.0259351303779436,49.176293,1896.1266931521457,1895.949653574882,49.176293,WETH_OUT,2026-08-18 08:24:51+00:00,0.0001,1.0
6914,base,50126072,1787041491,d4053cad8cfb822481f769513d41d18e41014a5e6cf6180a6cfeabb6e4b29cb3,146,489,0xd0b53d9277642d899df5c87a3966a349a798f224,500,0x2626664c2603336e57b271c5c0b26f421741e481,0xb4acbc082b5e7ded571c98ee4257778a9d784b36,187943281609219060,-356248829,3450244613349463450390028,1097704048242966343,-200843,0x4200000000000000000000000000000000000006,0x833589fcd6edb6e08f4c7c32d4f71b54bda02913,WETH,18,USDC,6,0.187943281609219,-356.248829,1896.4465439261623,0.187943281609219,-356.248829,1895.512443699531,1896.4465439261623,356.248829,WETH_IN,2026-08-18 08:24:51+00:00,0.0005,5.0
14,base,50126074,1787041495,85704d62fc01f85830461182330efddad4881c6d900cb0cb5d860b3f273ee164,63,132,0xb4cb800910b228ed3d0834cf79d697127bbb00e5,100,0x5692193a40e908d94bddbc988356cd7f1679eab4,0xf930e1342fc23c5c7bceae58cbbc776eeb4cfb87,-549849966339317,1042593,3449793068058544245408626,170020078104314033,-200846,0x4200000000000000000000000000000000000006,0x833589fcd6edb6e08f4c7c32d4f71b54bda02913,WETH,18,USDC,6,-0.0005498499663393,1.042593,1895.950187541712,-0.0005498499663393,1.042593,1896.1408817411973,1895.950187541712,1.042593,WETH_OUT,2026-08-18 08:24:55+00:00,0.0001,1.0
9899,base,50126076,1787041499,cd3d16559cd024f237fa79f0a1956768d5a9c21902db6e1a416e86b545b38806,29,274,0x6c561b446416e1a00e8e93e221854d6ea4171372,3000,0xcdbdc59a5eeb54027f8b45b118e3cd1f675d79c5,0xcdbdc59a5eeb54027f8b45b118e3cd1f675d79c5,-29703151162981,56541,3451486591794995870645342,32493819528108429730,-200836,0x4200000000000000000000000000000000000006,0x833589fcd6edb6e08f4c7c32d4f71b54bda02913,WETH,18,USDC,6,-2.9703151162981e-05,0.056541,1897.812110672568,-2.9703151162981e-05,0.056541,1903.5354090803328,1897.812110672568,0.056541,WETH_OUT,2026-08-18 08:24:59+00:00,0.003,30.0
15,base,50126077,1787041501,70f67d93f4d382906949532136000ec0be2b95a13b57a805f51deea76795b0be,20,74,0xb4cb800910b228ed3d0834cf79d697127bbb00e5,100,0x2626664c2603336e57b271c5c0b26f421741e481,0xb4acbc082b5e7ded571c98ee4257778a9d784b36,-419173942388637,794813,3449793438398541623936949,170020078104314033,-200846,0x4200000000000000000000000000000000000006,0x833589fcd6edb6e08f4c7c32d4f71b54bda02913,WETH,18,USDC,6,-0.0004191739423886,0.794813,1895.9505946074185,-0.0004191739423886,0.794813,1896.1412426326092,1895.9505946074185,0.794813,WETH_OUT,2026-08-18 08:25:01+00:00,0.0001,1.0
6915,base,50126077,1787041501,f6ee99a4df90dfddc5b2093961644ba3691879a3e1b3299a4fc9f477bb938762,69,391,0xd0b53d9277642d899df5c87a3966a349a798f224,500,0x2626664c2603336e57b271c5c0b26f421741e481,0x17064dd7489f93798016a1e2bf0702f24900cf41,55170624889232032,-104575598,3450237065474887553795272,1097704048242966343,-200843,0x4200000000000000000000000000000000000006,0x833589fcd6edb6e08f4c7c32d4f71b54bda02913,WETH,18,USDC,6,0.055170624889232,-104.575598,1896.438246470996,0.055170624889232,-104.575598,1895.494173030667,1896.438246470996,104.575598,WETH_IN,2026-08-18 08:25:01+00:00,0.0005,5.0
16,base,50126079,1787041505,7653acdcafff6798eed6d076121657f686c9a1668b3f418504222a4db29fb940,20,30,0xb4cb800910b228ed3d0834cf79d697127bbb00e5,100,0x2626664c2603336e57b271c5c0b26f421741e481,0xb4acbc082b5e7ded571c98ee4257778a9d784b36,-448103161066973633,849763941,3450189382829313154327441,170020078104314033,-200844,0x4200000000000000000000000000000000000006,0x833589fcd6edb6e08f4c7c32d4f71b54bda02913,WETH,18,USDC,6,-0.4481031610669736,849.763941,1896.385828874068,-0.4481031610669736,849.763941,1896.357836388916,1896.385828874068,849.763941,WETH_OUT,2026-08-18 08:25:05+00:00,0.0001,1.0
17,base,50126079,1787041505,451f7cbe73bac1c4595f9cf40c0740d4c4466abd879086c92a5cb6bf41ea22a4,55,242,0xb4cb800910b228ed3d0834cf79d697127bbb00e5,100,0x83d55acdc72027ed339d267eebaf9a41e47490d5,0x51c72848c68a965f66fa7a88855f9f7784502a7f,256866262381361856,-487036788,3449962427105878900759615,170020078104314033,-200845,0x4200000000000000000000000000000000000006,0x833589fcd6edb6e08f4c7c32d4f71b54bda02913,WETH,18,USDC,6,0.2568662623813618,-487.036788,1896.1363460694477,0.2568662623813618,-487.036788,1896.07145556901,1896.1363460694477,487.036788,WETH_IN,2026-08-18 08:25:05+00:00,0.0001,1.0
18,base,50126079,1787041505,7465db660cfb5596478c9a0c6c26faa4ec6f98145b499cd4546d8d8dce8c646a,89,324,0xb4cb800910b228ed3d0834cf79d697127bbb00e5,100,0x278d858f05b94576c1e6f73285886876ff6ef8d2,0x278d858f05b94576c1e6f73285886876ff6ef8d2,25900617362881670,-49105865,3449939544117543315711072,170020078104314033,-200845,0x4200000000000000000000000000000000000006,0x833589fcd6edb6e08f4c7c32d4f71b54bda02913,WETH,18,USDC,6,0.0259006173628816,-49.105865,1896.1111926813105,0.0259006173628816,-49.105865,1895.934151375631,1896.1111926813105,49.105865,WETH_IN,2026-08-18 08:25:05+00:00,0.0001,1.0
19,base,50126081,1787041509,b8da6c02842fc64da63145b8c8e35dd77d1fdd9a1f50e3e873676ac69c834c2c,136,640,0xb4cb800910b228ed3d0834cf79d697127bbb00e5,100,0x8f10b468b06c6fd214b65f87778827f7d113f996,0x8f10b468b06c6fd214b65f87778827f7d113f996,3366300932314904,-6382237,3449936570039877503919925,170020078104314033,-200845,0x4200000000000000000000000000000000000006,0x833589fcd6edb6e08f4c7c32d4f71b54bda02913,WETH,18,USDC,6,0.0033663009323149,-6.382237,1896.1079235344475,0.0033663009323149,-6.382237,1895.9199216961056,1896.1079235344475,6.382237,WETH_IN,2026-08-18 08:25:09+00:00,0.0001,1.0
20,base,50126087,1787041521,98d2a9d64f82220c2e675fc1d6c9d921394d5ceaa7c54aa674abcf20dc914df6,76,401,0xb4cb800910b228ed3d0834cf79d697127bbb00e5,100,0xfdf682f51fe81aa4898f0ae2163d8a55c127fbc7,0xf3147bb50ac792bb85ae18a925357110d14b3389,-5273426882152221,10000000,3449941229503664446081264,170020078104314033,-200845,0x4200000000000000000000000000000000000006,0x833589fcd6edb6e08f4c7c32d4f71b54bda02913,WETH,18,USDC,6,-0.0052734268821522,10.0,1896.113045282046,-0.0052734268821522,10.0,1896.3001144179595,1896.113045282046,10.0,WETH_OUT,2026-08-18 08:25:21+00:00,0.0001,1.0
21,base,50126088,1787041523,8b49c262507467138501cd64296fdc94700ff2a8264dc30ca30b25189475703e,20,79,0xb4cb800910b228ed3d0834cf79d697127bbb00e5,100,0x8f10b468b06c6fd214b65f87778827f7d113f996,0x8f10b468b06c6fd214b65f87778827f7d113f996,2171234446145168,-4116491,3449939311247308631012565,170020078104314033,-200845,0x4200000000000000000000000000000000000006,0x833589fcd6edb6e08f4c7c32d4f71b54bda02913,WETH,18,USDC,6,0.0021712344461451,-4.116491,1896.11093670706,0.0021712344461451,-4.116491,1895.921929254789,1896.11093670706,4.116491,WETH_IN,2026-08-18 08:25:23+00:00,0.0001,1.0
22,base,50126090,1787041527,1d487a06250554baaf74522cdfdd5271151705721b7da698a5e3515c032381a0,29,238,0xb4cb800910b228ed3d0834cf79d697127bbb00e5,100,0x2626664c2603336e57b271c5c0b26f421741e481,0xb4acbc082b5e7ded571c98ee4257778a9d784b36,-533255118323893,1011213,3449939782417934601497182,170020078104314033,-200845,0x4200000000000000000000000000000000000006,0x833589fcd6edb6e08f4c7c32d4f71b54bda02913,WETH,18,USDC,6,-0.0005332551183238,1.011213,1896.1114546244828,-0.0005332551183238,1.011213,1896.3024737172816,1896.1114546244828,1.011213,WETH_OUT,2026-08-18 08:25:27+00:00,0.0001,1.0
23,base,50126092,1787041531,c32588556c9f092830c8dfc524929036e443e491b1d6bd0ac6b0e07ccb380cbf,88,344,0xb4cb800910b228ed3d0834cf79d697127bbb00e5,100,0x83d55acdc72027ed339d267eebaf9a41e47490d5,0x51c72848c68a965f66fa7a88855f9f7784502a7f,-192779317240053748,365585679,3450110125740965762070080,170020078104314033,-200844,0x4200000000000000000000000000000000000006,0x833589fcd6edb6e08f4c7c32d4f71b54bda02913,WETH,18,USDC,6,-0.1927793172400537,365.585679,1896.2987030521788,-0.1927793172400537,365.585679,1896.3947182402528,1896.2987030521788,365.585679,WETH_OUT,2026-08-18 08:25:31+00:00,0.0001,1.0
24,base,50126093,1787041533,d18e98950b8916667b831f4ab53c459bb23da4857877acad623cce22fb6a6ec5,1,20,0xb4cb800910b228ed3d0834cf79d697127bbb00e5,100,0xaee2b8d4a154e36f479daece3fb3e6c3c03d396e,0x59c7c832e96d2568bea6db468c1aadcbbda08a52,64317016111489404,-121950069,3450053297865100918729862,170020078104314033,-200844,0x4200000000000000000000000000000000000006,0x833589fcd6edb6e08f4c7c32d4f71b54bda02913,WETH,18,USDC,6,0.0643170161114894,-121.950069,1896.236234472408,0.0643170161114894,-121.950069,1896.0778402500423,1896.236234472408,121.950069,WETH_IN,2026-08-18 08:25:33+00:00,0.0001,1.0
25,base,50126093,1787041533,b53b666003b376d2871836d5c00e900f77c4622e5e239b5392b5221a5022825f,76,404,0xb4cb800910b228ed3d0834cf79d697127bbb00e5,100,0xc774f0643949d72bc72c470b382b68006a507c6f,0xc774f0643949d72bc72c470b382b68006a507c6f,-31611495227212801,59949343,3450081231044346250446335,170020078104314033,-200844,0x4200000000000000000000000000000000000006,0x833589fcd6edb6e08f4c7c32d4f71b54bda02913,WETH,18,USDC,6,-0.0316114952272128,59.949343,1896.26694015518,-0.0316114952272128,59.949343,1896.4412334533456,1896.26694015518,59.949343,WETH_OUT,2026-08-18 08:25:33+00:00,0.0001,1.0
26,base,50126093,1787041533,e68b4261a3c39f7ec0ef2ee2477baab221776178207efeeffdb82f1bd2f49611,78,410,0xb4cb800910b228ed3d0834cf79d697127bbb00e5,100,0xc774f0643949d72bc72c470b382b68006a507c6f,0xc774f0643949d72bc72c470b382b68006a507c6f,-13025700869492395,24702760,3450092741205265202401926,170020078104314033,-200844,0x4200000000000000000000000000000000000006,0x833589fcd6edb6e08f4c7c32d4f71b54bda02913,WETH,18,USDC,6,-0.0130257008694923,24.70276,1896.2795928277253,-0.0130257008694923,24.70276,1896.4630193417493,1896.2795928277253,24.70276,WETH_OUT,2026-08-18 08:25:33+00:00,0.0001,1.0
27,base,50126094,1787041535,ab522e3d2a27fe9c3b4eb03a35b51ad2a171b4f856f483ed1a61844c2a0a6815,140,471,0xb4cb800910b228ed3d0834cf79d697127bbb00e5,100,0x83d55acdc72027ed339d267eebaf9a41e47490d5,0x51c72848c68a965f66fa7a88855f9f7784502a7f,-136633445607879393,259130196,3450213481981244865337149,170020078104314033,-200844,0x4200000000000000000000000000000000000006,0x833589fcd6edb6e08f4c7c32d4f71b54bda02913,WETH,18,USDC,6,-0.1366334456078794,259.130196,1896.412321013918,-0.1366334456078794,259.130196,1896.5356164966424,1896.412321013918,259.130196,WETH_OUT,2026-08-18 08:25:35+00:00,0.0001,1.0
28,base,50126095,1787041537,eba5ea4499e5763b6403babd238b0d2e27873b7123a37cbf9bf3b9fc20324f9d,45,247,0xb4cb800910b228ed3d0834cf79d697127bbb00e5,100,0xc774f0643949d72bc72c470b382b68006a507c6f,0xc774f0643949d72bc72c470b382b68006a507c6f,-31608560668035280,59949343,3450241180251663908606643,172353906769936338,-200843,0x4200000000000000000000000000000000000006,0x833589fcd6edb6e08f4c7c32d4f71b54bda02913,WETH,18,USDC,6,-0.0316085606680352,59.949343,1896.44276988464,-0.0316085606680352,59.949343,1896.6173002817188,1896.44276988464,59.949343,WETH_OUT,2026-08-18 08:25:37+00:00,0.0001,1.0
29,base,50126095,1787041537,8fc2b09f2d2ff4049803104369e2718b6a0fbf51848b55137c4524187cc1e8a2,46,250,0xb4cb800910b228ed3d0834cf79d697127bbb00e5,100,0xc774f0643949d72bc72c470b382b68006a507c6f,0xc774f0643949d72bc72c470b382b68006a507c6f,-81050076188706502,153725352,3450311838117249535306602,172353906769936338,-200843,0x4200000000000000000000000000000000000006,0x833589fcd6edb6e08f4c7c32d4f71b54bda02913,WETH,18,USDC,6,-0.0810500761887065,153.725352,1896.520445596806,-0.0810500761887065,153.725352,1896.671283097696,1896.520445596806,153.725352,WETH_OUT,2026-08-18 08:25:37+00:00,0.0001,1.0
30,base,50126095,1787041537,ce3df2a1b6aa983ed08ca5174ae9db3f28bd6cc62b9f0bd3394147c375d66afd,69,314,0xb4cb800910b228ed3d0834cf79d697127bbb00e5,100,0x83d55acdc72027ed339d267eebaf9a41e47490d5,0x51c72848c68a965f66fa7a88855f9f7784502a7f,-147830228231833519,280401564,3450440721062006871804489,172353906769936338,-200842,0x4200000000000000000000000000000000000006,0x833589fcd6edb6e08f4c7c32d4f71b54bda02913,WETH,18,USDC,6,-0.1478302282318335,280.401564,1896.6621334885056,-0.1478302282318335,280.401564,1896.7809720232767,1896.6621334885056,280.401564,WETH_OUT,2026-08-18 08:25:37+00:00,0.0001,1.0
31,base,50126095,1787041537,3f3532423061d50067ca7a16b7b5138bd5dd9d8cb764962d09aca51a54505105,91,363,0xb4cb800910b228ed3d0834cf79d697127bbb00e5,100,0x8407699e359ae158bd7ec0668600cc19a79f17c3,0x8407699e359ae158bd7ec0668600cc19a79f17c3,178423331937719377,-338359683,3450285182864567179457066,172353906769936338,-200843,0x4200000000000000000000000000000000000006,0x833589fcd6edb6e08f4c7c32d4f71b54bda02913,WETH,18,USDC,6,0.1784233319377194,-338.359683,1896.491142717069,0.1784233319377194,-338.359683,1896.38697655365,1896.491142717069,338.359683,WETH_IN,2026-08-18 08:25:37+00:00,0.0001,1.0
32,base,50126095,1787041537,2d54f47399e3081f4d7ae393998c73b3f4779a4432df7560d0a64e3ed4538f11,112,453,0xb4cb800910b228ed3d0834cf79d697127bbb00e5,100,0x83d55acdc72027ed339d267eebaf9a41e47490d5,0x51c72848c68a965f66fa7a88855f9f7784502a7f,-147081036741313648,278976148,3450413410635542920596313,172353906769936338,-200842,0x4200000000000000000000000000000000000006,0x833589fcd6edb6e08f4c7c32d4f71b54bda02913,WETH,18,USDC,6,-0.1470810367413136,278.976148,1896.6321092389,-0.1470810367413136,278.976148,1896.7513024174805,1896.6321092389,278.976148,WETH_OUT,2026-08-18 08:25:37+00:00,0.0001,1.0
33,base,50126096,1787041539,0548c36f46ffe455ceae2f1cd5c6a140c3f049ef9a4a750cd4ee3e93a22fb308,72,315,0xb4cb800910b228ed3d0834cf79d697127bbb00e5,100,0xc774f0643949d72bc72c470b382b68006a507c6f,0xc774f0643949d72bc72c470b382b68006a507c6f,-24350540825585401,46188921,3450434640774360960344605,172353906769936338,-200842,0x4200000000000000000000000000000000000006,0x833589fcd6edb6e08f4c7c32d4f71b54bda02913,WETH,18,USDC,6,-0.0243505408255854,46.188921,1896.6554489852144,-0.0243505408255854,46.188921,1896.8334761365447,1896.6554489852144,46.188921,WETH_OUT,2026-08-18 08:25:39+00:00,0.0001,1.0
9900,base,50126103,1787041553,a1870545ac45ece553be479ab8c1324a30689e81ed512d08025da394f793e0df,2,5,0x6c561b446416e1a00e8e93e221854d6ea4171372,3000,0x2626664c2603336e57b271c5c0b26f421741e481,0xd0a40c6526acdebd4f6d87931098ff37a9f8e4bf,2079000000000000,-3933714,3451486582203603012120247,32493819528108429730,-200836,0x4200000000000000000000000000000000000006,0x833589fcd6edb6e08f4c7c32d4f71b54bda02913,WETH,18,USDC,6,0.002079,-3.933714,1897.8121001248453,0.002079,-3.933714,1892.1183261183264,1897.8121001248453,3.933714,WETH_IN,2026-08-18 08:25:53+00:00,0.003,30.0
6916,base,50126103,1787041553,d7688fdb698f097c4b491484e7b81b144e4a77d080e1946933c8fd3be6b36482,60,279,0xd0b53d9277642d899df5c87a3966a349a798f224,500,0x6ff5693b99212da76ad316178a184ab56d299b43,0x6ff5693b99212da76ad316178a184ab56d299b43,-11062577878118843,20990000,3450238579696898731908607,1097704048242966343,-200843,0x4200000000000000000000000000000000000006,0x833589fcd6edb6e08f4c7c32d4f71b54bda02913,WETH,18,USDC,6,-0.0110625778781188,20.99,1896.4399110691731,-0.0110625778781188,20.99,1897.3877726562305,1896.4399110691731,20.99,WETH_OUT,2026-08-18 08:25:53+00:00,0.0005,5.0
34,base,50126104,1787041555,b3e1e58fcfd85b58d371e250b3d3e38e0c6cf36e0a82ba261c2acb489eb0130c,85,312,0xb4cb800910b228ed3d0834cf79d697127bbb00e5,100,0x2626664c2603336e57b271c5c0b26f421741e481,0xb4acbc082b5e7ded571c98ee4257778a9d784b36,7037716866239345,-13346765,3450428505493033441307475,172353906769936338,-200842,0x4200000000000000000000000000000000000006,0x833589fcd6edb6e08f4c7c32d4f71b54bda02913,WETH,18,USDC,6,0.0070377168662393,-13.346765,1896.648704035301,0.0070377168662393,-13.346765,1896.4623405107145,1896.648704035301,13.346765,WETH_IN,2026-08-18 08:25:55+00:00,0.0001,1.0
9901,base,50126107,1787041561,58f34df33fe80a2b0b544b94c27bb55c4ccae5984efbed24840e3b83c1383792,107,361,0x6c561b446416e1a00e8e93e221854d6ea4171372,3000,0x00000000e91fc5bad977c0cc4ad60557c06886a2,0x00000000e91fc5bad977c0cc4ad60557c06886a2,-11945558064171541,22738641,3451486637479841455363671,32493819528108429730,-200836,0x4200000000000000000000000000000000000006,0x833589fcd6edb6e08f4c7c32d4f71b54bda02913,WETH,18,USDC,6,-0.0119455580641715,22.738641,1897.812160912516,-0.0119455580641715,22.738641,1903.5227050798312,1897.812160912516,22.738641,WETH_OUT,2026-08-18 08:26:01+00:00,0.003,30.0
35,base,50126109,1787041565,78877223bc794ecef4f3b0a48bf44bbbda7bd2a4ddf19ba0511ba8db3c320935,94,423,0xb4cb800910b228ed3d0834cf79d697127bbb00e5,100,0xfdf682f51fe81aa4898f0ae2163d8a55c127fbc7,0xfdf682f51fe81aa4898f0ae2163d8a55c127fbc7,-1687017015456138,3200000,3450429976331564371899111,172353906769936338,-200842,0x4200000000000000000000000000000000000006,0x833589fcd6edb6e08f4c7c32d4f71b54bda02913,WETH,18,USDC,6,-0.0016870170154561,3.2,1896.6503210313256,-0.0016870170154561,3.2,1896.8391964527875,1896.6503210313256,3.2,WETH_OUT,2026-08-18 08:26:05+00:00,0.0001,1.0
36,base,50126113,1787041573,0db73dca96b0785527692178275c9b8a04dfa70f96752f12b580668eab7516d4,148,520,0xb4cb800910b228ed3d0834cf79d697127bbb00e5,100,0x7747f8d2a76bd6345cc29622a946a929647f2359,0x7747f8d2a76bd6345cc29622a946a929647f2359,262707527156,-498,3450429976102543636244103,172353906769936338,-200842,0x4200000000000000000000000000000000000006,0x833589fcd6edb6e08f4c7c32d4f71b54bda02913,WETH,18,USDC,6,2.62707527156e-07,-0.000498,1896.6503207795472,2.62707527156e-07,-0.000498,1895.6441994304923,1896.6503207795472,0.000498,WETH_IN,2026-08-18 08:26:13+00:00,0.0001,1.0
6917,base,50126114,1787041575,44bfe8bfb26303968f1e0f3b1a7ea3ec48f28ac125235671d08357614860bbcc,54,330,0xd0b53d9277642d899df5c87a3966a349a798f224,500,0x3753d19f51d2b767f1ec180fb61358d05997af9e,0x3753d19f51d2b767f1ec180fb61358d05997af9e,-92411047845275,175340,3450238592345931009027953,1097704048242966343,-200843,0x4200000000000000000000000000000000000006,0x833589fcd6edb6e08f4c7c32d4f71b54bda02913,WETH,18,USDC,6,-9.2411047845275e-05,0.17534,1896.4399249743744,-9.2411047845275e-05,0.17534,1897.39218511594,1896.4399249743744,0.17534,WETH_OUT,2026-08-18 08:26:15+00:00,0.0005,5.0
9902,base,50126115,1787041577,b11dd5b3222963f35316d3c29bbb6c302961e9f4b1a9a50e752e3cf0334203c4,1,17,0x6c561b446416e1a00e8e93e221854d6ea4171372,3000,0x2626664c2603336e57b271c5c0b26f421741e481,0xd0a40c6526acdebd4f6d87931098ff37a9f8e4bf,-337998113583841723,643387384,3451488201515023819006758,32493819528108429730,-200836,0x4200000000000000000000000000000000000006,0x833589fcd6edb6e08f4c7c32d4f71b54bda02913,WETH,18,USDC,6,-0.3379981135838417,643.387384,1897.813880893483,-0.3379981135838417,643.387384,1903.5235941942767,1897.813880893483,643.387384,WETH_OUT,2026-08-18 08:26:17+00:00,0.003,30.0
37,base,50126115,1787041577,2625a36b56c2e06f313dff04168c679a7c6f311370334beb380116f582a36cef,92,452,0xb4cb800910b228ed3d0834cf79d697127bbb00e5,100,0xfdf682f51fe81aa4898f0ae2163d8a55c127fbc7,0xfdf682f51fe81aa4898f0ae2163d8a55c127fbc7,-1715187852223099,3253439,3450431471503316798313356,172353906769936338,-200842,0x4200000000000000000000000000000000000006,0x833589fcd6edb6e08f4c7c32d4f71b54bda02913,WETH,18,USDC,6,-0.001715187852223,3.253439,1896.6519647792747,-0.001715187852223,3.253439,1896.8412094238745,1896.6519647792747,3.253439,WETH_OUT,2026-08-18 08:26:17+00:00,0.0001,1.0
9903,base,50126117,1787041581,e3f3a8cd9f183eb67a8b7ee4a40142620902ada6fef935504fbc53e9e22fc7c3,66,254,0x6c561b446416e1a00e8e93e221854d6ea4171372,3000,0xa9595ef01554ff0de2ba6b5dc23e05a670c371f3,0xa9595ef01554ff0de2ba6b5dc23e05a670c371f3,-78302150646062735,149050075,3451488563846592829608938,32493819528108429730,-200836,0x4200000000000000000000000000000000000006,0x833589fcd6edb6e08f4c7c32d4f71b54bda02913,WETH,18,USDC,6,-0.0783021506460627,149.050075,1897.8142793522795,-0.0783021506460627,149.050075,1903.524664012465,1897.8142793522795,149.050075,WETH_OUT,2026-08-18 08:26:21+00:00,0.003,30.0
38,base,50126119,1787041585,e8af2dbf69eb1546466c86762e04ff24ef9865bcd4b64c4cfb60433f71733658,60,226,0xb4cb800910b228ed3d0834cf79d697127bbb00e5,100,0xecec48ec5a7b7f7b96460b0f4e2b99cf0db94cb1,0xecec48ec5a7b7f7b96460b0f4e2b99cf0db94cb1,90937500000000000,-172455578,3450352196604243210597076,172353906769936338,-200843,0x4200000000000000000000000000000000000006,0x833589fcd6edb6e08f4c7c32d4f71b54bda02913,WETH,18,USDC,6,0.0909375,-172.455578,1896.5648132638332,0.0909375,-172.455578,1896.4187271477665,1896.5648132638332,172.455578,WETH_IN,2026-08-18 08:26:25+00:00,0.0001,1.0
9904,base,50126119,1787041585,6c5818c37f56aa4444e725c96fea5e4ffd58c512744e0cf0730834cb03c6ed25,79,309,0x6c561b446416e1a00e8e93e221854d6ea4171372,3000,0x2626664c2603336e57b271c5c0b26f421741e481,0xd0a40c6526acdebd4f6d87931098ff37a9f8e4bf,-65195176646905891,124100650,3451488865527644959712395,32493819528108429730,-200836,0x4200000000000000000000000000000000000006,0x833589fcd6edb6e08f4c7c32d4f71b54bda02913,WETH,18,USDC,6,-0.0651951766469058,124.10065,1897.8146111132708,-0.0651951766469058,124.10065,1903.525021062885,1897.8146111132708,124.10065,WETH_OUT,2026-08-18 08:26:25+00:00,0.003,30.0
9905,base,50126121,1787041589,02405b6cdd0e475dde1aa04f27634312229df924fcdff7d3ca8fc93380cfd7aa,49,240,0x6c561b446416e1a00e8e93e221854d6ea4171372,3000,0xa9595ef01554ff0de2ba6b5dc23e05a670c371f3,0xa9595ef01554ff0de2ba6b5dc23e05a670c371f3,-77277124407651575,147098968,3451489223116194434490495,32493819528108429730,-200836,0x4200000000000000000000000000000000000006,0x833589fcd6edb6e08f4c7c32d4f71b54bda02913,WETH,18,USDC,6,-0.0772771244076515,147.098968,1897.815004356208,-0.0772771244076515,147.098968,1903.5253851324087,1897.815004356208,147.098968,WETH_OUT,2026-08-18 08:26:29+00:00,0.003,30.0
39,base,50126122,1787041591,300bf0e6bfe76a8a679dd14564cf56b3085f0a977e35021560b2fdfdfe0f9466,18,128,0xb4cb800910b228ed3d0834cf79d697127bbb00e5,100,0x7747f8d2a76bd6345cc29622a946a929647f2359,0x7747f8d2a76bd6345cc29622a946a929647f2359,2345102000985,-4447,3450352194559944070654017,172353906769936338,-200843,0x4200000000000000000000000000000000000006,0x833589fcd6edb6e08f4c7c32d4f71b54bda02913,WETH,18,USDC,6,2.345102000985e-06,-0.004447,1896.564811016442,2.345102000985e-06,-0.004447,1896.292783056836,1896.564811016442,0.004447,WETH_IN,2026-08-18 08:26:31+00:00,0.0001,1.0
40,base,50126124,1787041595,5f54f004a1a5086f6e074456fa6ec83cf39349b667b846467747eb7dc161f208,111,462,0xb4cb800910b228ed3d0834cf79d697127bbb00e5,100,0x11111605b53ecef22726df86881e4d6d40b5ca11,0x111111125421ca6dc452d289314280a0f8842a65,10776758258719726,-20436720,3450342800146552709890811,172353906769936338,-200843,0x4200000000000000000000000000000000000006,0x833589fcd6edb6e08f4c7c32d4f71b54bda02913,WETH,18,USDC,6,0.0107767582587197,-20.43672,1896.554483323153,0.0107767582587197,-20.43672,1896.3699017247768,1896.554483323153,20.43672,WETH_IN,2026-08-18 08:26:35+00:00,0.0001,1.0
41,base,50126124,1787041595,cacd5b9c547eab976d07edd09c3e63e679f7de5fc67e62144e67f9fcd9805df5,123,506,0xb4cb800910b228ed3d0834cf79d697127bbb00e5,100,0x2626664c2603336e57b271c5c0b26f421741e481,0x2626664c2603336e57b271c5c0b26f421741e481,-209361817138694973,397126812,3450525334339142172088041,172353906769936338,-200842,0x4200000000000000000000000000000000000006,0x833589fcd6edb6e08f4c7c32d4f71b54bda02913,WETH,18,USDC,6,-0.2093618171386949,397.126812,1896.755156252507,-0.2093618171386949,397.126812,1896.8445031068732,1896.755156252507,397.126812,WETH_OUT,2026-08-18 08:26:35+00:00,0.0001,1.0
42,base,50126124,1787041595,830c7fae5d6d6e44a7f8fab91fe6b5c6e03a43c45bce6b58266b225b77bbe880,136,527,0xb4cb800910b228ed3d0834cf79d697127bbb00e5,100,0xecec48ec5a7b7f7b96460b0f4e2b99cf0db94cb1,0xecec48ec5a7b7f7b96460b0f4e2b99cf0db94cb1,109687500000000000,-208023761,3450429709350692003415389,172353906769936338,-200842,0x4200000000000000000000000000000000000006,0x833589fcd6edb6e08f4c7c32d4f71b54bda02913,WETH,18,USDC,6,0.1096875,-208.023761,1896.650027520464,0.1096875,-208.023761,1896.5129207977209,1896.650027520464,208.023761,WETH_IN,2026-08-18 08:26:35+00:00,0.0001,1.0
43,base,50126124,1787041595,cf180d2f56618889e229482ca98f2fd2a32a863a67f380174906b481ea09f5f1,146,540,0xb4cb800910b228ed3d0834cf79d697127bbb00e5,100,0x278d858f05b94576c1e6f73285886876ff6ef8d2,0x278d858f05b94576c1e6f73285886876ff6ef8d2,10480931959486830,-19876619,3450420572406478306186025,172353906769936338,-200842,0x4200000000000000000000000000000000000006,0x833589fcd6edb6e08f4c7c32d4f71b54bda02913,WETH,18,USDC,6,0.0104809319594868,-19.876619,1896.6399826483705,0.0104809319594868,-19.876619,1896.4553034817343,1896.6399826483705,19.876619,WETH_IN,2026-08-18 08:26:35+00:00,0.0001,1.0
44,base,50126128,1787041603,60008fef1ceaa4d4fcb919a12d569fa77951ed726306c977fe83f500363b953f,18,112,0xb4cb800910b228ed3d0834cf79d697127bbb00e5,100,0x7747f8d2a76bd6345cc29622a946a929647f2359,0x7747f8d2a76bd6345cc29622a946a929647f2359,117521350866759,-222873,3450420469955364645133127,172353906769936338,-200842,0x4200000000000000000000000000000000000006,0x833589fcd6edb6e08f4c7c32d4f71b54bda02913,WETH,18,USDC,6,0.0001175213508667,-0.222873,1896.6398700169557,0.0001175213508667,-0.222873,1896.4468869378848,1896.6398700169557,0.222873,WETH_IN,2026-08-18 08:26:43+00:00,0.0001,1.0
45,base,50126128,1787041603,bc820e72aeb13d3bba0d2750478ea7640e4d2262bad0d4d58c5f0d2eee52ece8,71,325,0xb4cb800910b228ed3d0834cf79d697127bbb00e5,100,0x7747f8d2a76bd6345cc29622a946a929647f2359,0x7747f8d2a76bd6345cc29622a946a929647f2359,1216112494734,-2306,3450420468895199196336428,172353906769936338,-200842,0x4200000000000000000000000000000000000006,0x833589fcd6edb6e08f4c7c32d4f71b54bda02913,WETH,18,USDC,6,1.216112494734e-06,-0.002306,1896.639868851444,1.216112494734e-06,-0.002306,1896.2061569019488,1896.639868851444,0.002306,WETH_IN,2026-08-18 08:26:43+00:00,0.0001,1.0
46,base,50126128,1787041603,7b58ce2a7ec40de6fd883406d90df1c16e8ce5cb101f221cd76fd6f11d7702fc,90,437,0xb4cb800910b228ed3d0834cf79d697127bbb00e5,100,0xfdf682f51fe81aa4898f0ae2163d8a55c127fbc7,0xda1259aa131dfe437d50072d929f925d1f2e6e89,44430000000000000,-84258336,3450381736769404174650645,172353906769936338,-200843,0x4200000000000000000000000000000000000006,0x833589fcd6edb6e08f4c7c32d4f71b54bda02913,WETH,18,USDC,6,0.04443,-84.258336,1896.5972882544768,0.04443,-84.258336,1896.4288993923024,1896.5972882544768,84.258336,WETH_IN,2026-08-18 08:26:43+00:00,0.0001,1.0
47,base,50126134,1787041615,520af6500f7b33c92e5fed031f4aafd3415f247aa40810efd31752dcb21635c5,132,518,0xb4cb800910b228ed3d0834cf79d697127bbb00e5,100,0x8f10b468b06c6fd214b65f87778827f7d113f996,0x8f10b468b06c6fd214b65f87778827f7d113f996,1696402753631766,-3217069,3450380257937103298974459,172353906769936338,-200843,0x4200000000000000000000000000000000000006,0x833589fcd6edb6e08f4c7c32d4f71b54bda02913,WETH,18,USDC,6,0.0016964027536317,-3.217069,1896.595662493072,0.0016964027536317,-3.217069,1896.4063770308649,1896.595662493072,3.217069,WETH_IN,2026-08-18 08:26:55+00:00,0.0001,1.0
6918,base,50126135,1787041617,234a2cd5d086945cde2cc38134da20137b858c726ea93c10d6a255b7ca5d970c,25,177,0xd0b53d9277642d899df5c87a3966a349a798f224,500,0x2626664c2603336e57b271c5c0b26f421741e481,0x2626664c2603336e57b271c5c0b26f421741e481,-990000000000,1879,3450238592481440153147993,1097704048242966343,-200843,0x4200000000000000000000000000000000000006,0x833589fcd6edb6e08f4c7c32d4f71b54bda02913,WETH,18,USDC,6,-9.9e-07,0.001879,1896.4399251233408,-9.9e-07,0.001879,1897.979797979798,1896.4399251233408,0.001879,WETH_OUT,2026-08-18 08:26:57+00:00,0.0005,5.0
48,base,50126135,1787041617,d35da1933c9100dee2da30fa9e7ffe0ea01a75cd8cb9d4cab63febb5c794efe1,28,214,0xb4cb800910b228ed3d0834cf79d697127bbb00e5,100,0x8f10b468b06c6fd214b65f87778827f7d113f996,0x8f10b468b06c6fd214b65f87778827f7d113f996,154821118708478813,-293592214,3450245298584329166053579,172353906769936338,-200843,0x4200000000000000000000000000000000000006,0x833589fcd6edb6e08f4c7c32d4f71b54bda02913,WETH,18,USDC,6,0.1548211187084788,-293.592214,1896.447297212708,0.1548211187084788,-293.592214,1896.331821195666,1896.447297212708,293.592214,WETH_IN,2026-08-18 08:26:57+00:00,0.0001,1.0
49,base,50126136,1787041619,e55b0a3788854a317095951435500ac3920526e7fc90c595d71b225b42344fa2,115,461,0xb4cb800910b228ed3d0834cf79d697127bbb00e5,100,0xfdf682f51fe81aa4898f0ae2163d8a55c127fbc7,0xfdf682f51fe81aa4898f0ae2163d8a55c127fbc7,-24179774419869220,45860535,3450266377784496292016702,172353906769936338,-200843,0x4200000000000000000000000000000000000006,0x833589fcd6edb6e08f4c7c32d4f71b54bda02913,WETH,18,USDC,6,-0.0241797744198692,45.860535,1896.470469892236,-0.0241797744198692,45.860535,1896.6485875201165,1896.470469892236,45.860535,WETH_OUT,2026-08-18 08:26:59+00:00,0.0001,1.0
9906,base,50126136,1787041619,69fa0dd9b447355a0996f8987dac6beda85e48c830b86637ceac7c0e99e84151,134,520,0x6c561b446416e1a00e8e93e221854d6ea4171372,3000,0x2626664c2603336e57b271c5c0b26f421741e481,0xd0a40c6526acdebd4f6d87931098ff37a9f8e4bf,-9084196167940172,17292000,3451489265151983574530154,32493819528108429730,-200836,0x4200000000000000000000000000000000000006,0x833589fcd6edb6e08f4c7c32d4f71b54bda02913,WETH,18,USDC,6,-0.0090841961679401,17.292,1897.815050583298,-0.0090841961679401,17.292,1903.5256042826009,1897.815050583298,17.292,WETH_OUT,2026-08-18 08:26:59+00:00,0.003,30.0
50,base,50126137,1787041621,c54ce02a0de103db7c6402a0b3a3100ff77f5fee0124565485bb17a2ae7800da,95,402,0xb4cb800910b228ed3d0834cf79d697127bbb00e5,100,0xc774f0643949d72bc72c470b382b68006a507c6f,0xc774f0643949d72bc72c470b382b68006a507c6f,70617205525559378,-133907659,3450204558544336746875126,170020078104314033,-200844,0x4200000000000000000000000000000000000006,0x833589fcd6edb6e08f4c7c32d4f71b54bda02913,WETH,18,USDC,6,0.0706172055255593,-133.907659,1896.4025114795784,0.0706172055255593,-133.907659,1896.2469274082664,1896.4025114795784,133.907659,WETH_IN,2026-08-18 08:27:01+00:00,0.0001,1.0
51,base,50126137,1787041621,b388bc304500ae6649730719ff968685a911d18d588049c52f45e9a30f749869,114,439,0xb4cb800910b228ed3d0834cf79d697127bbb00e5,100,0xc774f0643949d72bc72c470b382b68006a507c6f,0xc774f0643949d72bc72c470b382b68006a507c6f,21872426069416558,-41474543,3450185231698295406453435,170020078104314033,-200844,0x4200000000000000000000000000000000000006,0x833589fcd6edb6e08f4c7c32d4f71b54bda02913,WETH,18,USDC,6,0.0218724260694165,-41.474543,1896.38126556439,0.0218724260694165,-41.474543,1896.2022259612245,1896.38126556439,41.474543,WETH_IN,2026-08-18 08:27:01+00:00,0.0001,1.0
52,base,50126138,1787041623,b57653e8813b77ee4b21245ca0afbebd136b60719151a6607b8cafe15e3108d5,63,269,0xb4cb800910b228ed3d0834cf79d697127bbb00e5,100,0x37903bfc76aaaabccb71425bd6767fcd70ad67b1,0x6b0f53cbd9272d8117e9535fe25371dedf39a1be,9591631858403137,-18187527,3450176756438265024649586,170020078104314033,-200844,0x4200000000000000000000000000000000000006,0x833589fcd6edb6e08f4c7c32d4f71b54bda02913,WETH,18,USDC,6,0.0095916318584031,-18.187527,1896.3719487865808,0.0095916318584031,-18.187527,1896.1869334117616,1896.3719487865808,18.187527,WETH_IN,2026-08-18 08:27:03+00:00,0.0001,1.0
6919,base,50126139,1787041625,bb3a5178698fa7409dcf0a9953b7e163d9728c8c607301430e97c75b99f6d1df,38,202,0xd0b53d9277642d899df5c87a3966a349a798f224,500,0x2ee4823855d1c4c0753ea19fd3548d64a79b73a5,0x2ee4823855d1c4c0753ea19fd3548d64a79b73a5,-11994994908776344,22759179,3450240234332215268016382,1097704048242966343,-200843,0x4200000000000000000000000000000000000006,0x833589fcd6edb6e08f4c7c32d4f71b54bda02913,WETH,18,USDC,6,-0.0119949949087763,22.759179,1896.441730025824,-0.0119949949087763,22.759179,1897.3896340170893,1896.441730025824,22.759179,WETH_OUT,2026-08-18 08:27:05+00:00,0.0005,5.0
53,base,50126142,1787041631,81de54cd10c586a2ea875005189c876343d0cfd5590132c2cf40f0fb80eb94de,80,330,0xb4cb800910b228ed3d0834cf79d697127bbb00e5,100,0xfdf682f51fe81aa4898f0ae2163d8a55c127fbc7,0xfdf682f51fe81aa4898f0ae2163d8a55c127fbc7,6000000000000000,-11377076,3450171454800558514937141,170020078104314033,-200844,0x4200000000000000000000000000000000000006,0x833589fcd6edb6e08f4c7c32d4f71b54bda02913,WETH,18,USDC,6,0.006,-11.377076,1896.3661207551404,0.006,-11.377076,1896.1793333333333,1896.3661207551404,11.377076,WETH_IN,2026-08-18 08:27:11+00:00,0.0001,1.0
54,base,50126143,1787041633,764cb10b16791c035c466915f772d16bf069be9763843945ea1b4d291411ea40,59,318,0xb4cb800910b228ed3d0834cf79d697127bbb00e5,100,0x83d55acdc72027ed339d267eebaf9a41e47490d5,0x51c72848c68a965f66fa7a88855f9f7784502a7f,-141493462868979428,268359927,3450295515381400921267946,172353906769936338,-200843,0x4200000000000000000000000000000000000006,0x833589fcd6edb6e08f4c7c32d4f71b54bda02913,WETH,18,USDC,6,-0.1414934628689794,268.359927,1896.5025015207375,-0.1414934628689794,268.359927,1896.6242083459133,1896.5025015207375,268.359927,WETH_OUT,2026-08-18 08:27:13+00:00,0.0001,1.0
55,base,50126143,1787041633,addf98e5cdca8ff0bf257aa4e9ef4a0607efe5a47d35b5fd1408d3e204e70770,78,364,0xb4cb800910b228ed3d0834cf79d697127bbb00e5,100,0x1d3a5e422a3ca4ffca8afc0b6d7eb3cbde2a2588,0x1d3a5e422a3ca4ffca8afc0b6d7eb3cbde2a2588,5402108082773933,-10244073,3450290806355097645397028,172353906769936338,-200843,0x4200000000000000000000000000000000000006,0x833589fcd6edb6e08f4c7c32d4f71b54bda02913,WETH,18,USDC,6,0.0054021080827739,-10.244073,1896.4973247618027,0.0054021080827739,-10.244073,1896.31026314819,1896.4973247618027,10.244073,WETH_IN,2026-08-18 08:27:13+00:00,0.0001,1.0
56,base,50126143,1787041633,57debc2e66a6af2a9a79f0e35c72a05a3d28798e9e41770fb3dbaece14defdf9,135,563,0xb4cb800910b228ed3d0834cf79d697127bbb00e5,100,0x83d55acdc72027ed339d267eebaf9a41e47490d5,0x51c72848c68a965f66fa7a88855f9f7784502a7f,-140359739371988858,266227934,3450413174574795564421306,172353906769936338,-200842,0x4200000000000000000000000000000000000006,0x833589fcd6edb6e08f4c7c32d4f71b54bda02913,WETH,18,USDC,6,-0.1403597393719888,266.227934,1896.6318497219524,-0.1403597393719888,266.227934,1896.754262947358,1896.6318497219524,266.227934,WETH_OUT,2026-08-18 08:27:13+00:00,0.0001,1.0
9907,base,50126144,1787041635,f99b3e1c66958630af61f4aa1f4aaa5b27606988803418ec206edc93e6733eaf,78,381,0x6c561b446416e1a00e8e93e221854d6ea4171372,3000,0x2626664c2603336e57b271c5c0b26f421741e481,0xd0a40c6526acdebd4f6d87931098ff37a9f8e4bf,-72941289732269492,138845628,3451489602677170755513410,32493819528108429730,-200836,0x4200000000000000000000000000000000000006,0x833589fcd6edb6e08f4c7c32d4f71b54bda02913,WETH,18,USDC,6,-0.0729412897322694,138.845628,1897.8154217624392,-0.0729412897322694,138.845628,1903.5258152088063,1897.8154217624392,138.845628,WETH_OUT,2026-08-18 08:27:15+00:00,0.003,30.0
57,base,50126146,1787041639,152fbb3f1f77d3e3a32d7448e25324bb012cf67d0dfddafd415d453137771448,134,706,0xb4cb800910b228ed3d0834cf79d697127bbb00e5,100,0xfdf682f51fe81aa4898f0ae2163d8a55c127fbc7,0xfdf682f51fe81aa4898f0ae2163d8a55c127fbc7,-44420304542540864,84258336,3450451902826950603225689,172353906769936338,-200842,0x4200000000000000000000000000000000000006,0x833589fcd6edb6e08f4c7c32d4f71b54bda02913,WETH,18,USDC,6,-0.0444203045425408,84.258336,1896.674426448294,-0.0444203045425408,84.258336,1896.8428259942848,1896.674426448294,84.258336,WETH_OUT,2026-08-18 08:27:19+00:00,0.0001,1.0
6920,base,50126147,1787041641,3d33fbddb9bf213ed62534ea05ed695cc9ae3cf4b8e9cfe97b14d2a82d0f42b6,31,180,0xd0b53d9277642d899df5c87a3966a349a798f224,500,0x6ff5693b99212da76ad316178a184ab56d299b43,0x6ff5693b99212da76ad316178a184ab56d299b43,-5560267160871809,10550000,3450240995410929795367296,1097704048242966343,-200843,0x4200000000000000000000000000000000000006,0x833589fcd6edb6e08f4c7c32d4f71b54bda02913,WETH,18,USDC,6,-0.0055602671608718,10.55,1896.4425666873287,-0.0055602671608718,10.55,1897.39084377842,1896.4425666873287,10.55,WETH_OUT,2026-08-18 08:27:21+00:00,0.0005,5.0
9908,base,50126148,1787041643,319655af2c7147fae0ac4807a368f53476d64215a21b932d8b11e529868e4c4e,1,4,0x6c561b446416e1a00e8e93e221854d6ea4171372,3000,0x2626664c2603336e57b271c5c0b26f421741e481,0xd0a40c6526acdebd4f6d87931098ff37a9f8e4bf,49500000000000000,-93660031,3451489374310290170916288,32493819528108429730,-200836,0x4200000000000000000000000000000000000006,0x833589fcd6edb6e08f4c7c32d4f71b54bda02913,WETH,18,USDC,6,0.0495,-93.660031,1897.8151706255544,0.0495,-93.660031,1892.1218383838384,1897.8151706255544,93.660031,WETH_IN,2026-08-18 08:27:23+00:00,0.003,30.0
58,base,50126148,1787041643,aea530ab95995dca59e4b58da2c4b7cadb26a9d5d2da2035f6c0d6019142a14b,111,784,0xb4cb800910b228ed3d0834cf79d697127bbb00e5,100,0x83d55acdc72027ed339d267eebaf9a41e47490d5,0x51c72848c68a965f66fa7a88855f9f7784502a7f,-230553377323880281,437353907,3450652926882316966680042,172353906769936338,-200841,0x4200000000000000000000000000000000000006,0x833589fcd6edb6e08f4c7c32d4f71b54bda02913,WETH,18,USDC,6,-0.2305533773238803,437.353907,1896.8954341900608,-0.2305533773238803,437.353907,1896.974627205774,1896.8954341900608,437.353907,WETH_OUT,2026-08-18 08:27:23+00:00,0.0001,1.0
9909,base,50126148,1787041643,3786117514d90cfea43289d57701932e31d17f492b2e6aa1d3f17a031879c6a6,153,1002,0x6c561b446416e1a00e8e93e221854d6ea4171372,3000,0x2626664c2603336e57b271c5c0b26f421741e481,0xd0a40c6526acdebd4f6d87931098ff37a9f8e4bf,-19636018615382856,37377669,3451489465173103654784956,32493819528108429730,-200836,0x4200000000000000000000000000000000000006,0x833589fcd6edb6e08f4c7c32d4f71b54bda02913,WETH,18,USDC,6,-0.0196360186153828,37.377669,1897.8152705481152,-0.0196360186153828,37.377669,1903.5258487032768,1897.8152705481152,37.377669,WETH_OUT,2026-08-18 08:27:23+00:00,0.003,30.0
59,base,50126149,1787041645,4839ae8462951939d8bd79efb7e98469bbb011427dd2c9ff347ed6e2bebb4261,176,667,0xb4cb800910b228ed3d0834cf79d697127bbb00e5,100,0x0b0b18effe597714da672faf5c5f8736532c0a7e,0x0f0067cd819cb8f20bda62046daff7a2b5c88280,-222254995050237478,421660330,3450846700279862549736016,172415096172701489,-200840,0x4200000000000000000000000000000000000006,0x833589fcd6edb6e08f4c7c32d4f71b54bda02913,WETH,18,USDC,6,-0.2222549950502374,421.66033,1897.1084826776091,-0.2222549950502374,421.66033,1897.191691483424,1897.1084826776091,421.66033,WETH_OUT,2026-08-18 08:27:25+00:00,0.0001,1.0
60,base,50126153,1787041653,808e2c0c4a95565a5c1ab2720a3c473f3be9c32ae32382ee8ba8e13a288d14b6,132,466,0xb4cb800910b228ed3d0834cf79d697127bbb00e5,100,0x83d55acdc72027ed339d267eebaf9a41e47490d5,0x51c72848c68a965f66fa7a88855f9f7784502a7f,-188910498974470882,358436658,3451011392575184497766458,172415096172701489,-200839,0x4200000000000000000000000000000000000006,0x833589fcd6edb6e08f4c7c32d4f71b54bda02913,WETH,18,USDC,6,-0.1889104989744708,358.436658,1897.289566703202,-0.1889104989744708,358.436658,1897.3887631753,1897.289566703202,358.436658,WETH_OUT,2026-08-18 08:27:33+00:00,0.0001,1.0
6921,base,50126153,1787041653,31cde186adb8d8a90bfde2fe73dfa9cd3e972ba5cd3c1174c1bbf6c5dfce61ab,133,469,0xd0b53d9277642d899df5c87a3966a349a798f224,500,0x83d55acdc72027ed339d267eebaf9a41e47490d5,0x51c72848c68a965f66fa7a88855f9f7784502a7f,-446495599041494231,847191855,3450302111969025173192843,1097704048242966343,-200843,0x4200000000000000000000000000000000000006,0x833589fcd6edb6e08f4c7c32d4f71b54bda02913,WETH,18,USDC,6,-0.4464955990414942,847.191855,1896.509753338349,-0.4464955990414942,847.191855,1897.424872313843,1896.509753338349,847.191855,WETH_OUT,2026-08-18 08:27:33+00:00,0.0005,5.0
6922,base,50126154,1787041655,824300cd78f3646d9390ef7b5bdfc06bdd285a169df92b32bc9085a50726b75c,48,172,0xd0b53d9277642d899df5c87a3966a349a798f224,500,0xc774f0643949d72bc72c470b382b68006a507c6f,0xc774f0643949d72bc72c470b382b68006a507c6f,-27457443348407024,52099416,3450305870429329418544456,1097704048242966343,-200843,0x4200000000000000000000000000000000000006,0x833589fcd6edb6e08f4c7c32d4f71b54bda02913,WETH,18,USDC,6,-0.027457443348407,52.099416,1896.513885127552,-0.027457443348407,52.099416,1897.460566117224,1896.513885127552,52.099416,WETH_OUT,2026-08-18 08:27:35+00:00,0.0005,5.0
6923,base,50126158,1787041663,588e22545839ad656af1f79372a573da7711eb6bf8b10926a1ccffae430fffc5,54,230,0xd0b53d9277642d899df5c87a3966a349a798f224,500,0x37903bfc76aaaabccb71425bd6767fcd70ad67b1,0x37903bfc76aaaabccb71425bd6767fcd70ad67b1,-21833742666930262,41428747,3450308859105825549777041,1097704048242966343,-200843,0x4200000000000000000000000000000000000006,0x833589fcd6edb6e08f4c7c32d4f71b54bda02913,WETH,18,USDC,6,-0.0218337426669302,41.428747,1896.5171706733215,-0.0218337426669302,41.428747,1897.4642887382129,1896.5171706733215,41.428747,WETH_OUT,2026-08-18 08:27:43+00:00,0.0005,5.0
61,base,50126160,1787041667,8f2c08ca0001fda21554237db28dccbf9207e70caa55fd035048d25b8d87af2d,95,603,0xb4cb800910b228ed3d0834cf79d697127bbb00e5,100,0x7747f8d2a76bd6345cc29622a946a929647f2359,0x7747f8d2a76bd6345cc29622a946a929647f2359,2432224988135,-4614,3451011390454880034032601,172415096172701489,-200839,0x4200000000000000000000000000000000000006,0x833589fcd6edb6e08f4c7c32d4f71b54bda02913,WETH,18,USDC,6,2.432224988135e-06,-0.004614,1897.2895643718095,2.432224988135e-06,-0.004614,1897.0284502906773,1897.2895643718095,0.004614,WETH_IN,2026-08-18 08:27:47+00:00,0.0001,1.0
6924,base,50126161,1787041669,edb8c6ff4a61699e36be7a90e5debd05a4c1b8aa7333d49808275545fec897f9,69,328,0xd0b53d9277642d899df5c87a3966a349a798f224,500,0x6ff5693b99212da76ad316178a184ab56d299b43,0x6ff5693b99212da76ad316178a184ab56d299b43,527547031899024,-1000001,3450308786929449870925188,1097704048242966343,-200843,0x4200000000000000000000000000000000000006,0x833589fcd6edb6e08f4c7c32d4f71b54bda02913,WETH,18,USDC,6,0.000527547031899,-1.000001,1896.5170913275351,0.000527547031899,-1.000001,1895.5674840976203,1896.5170913275351,1.000001,WETH_IN,2026-08-18 08:27:49+00:00,0.0005,5.0
62,base,50126165,1787041677,c806af5abe681a82d13438e07d3f110da11b5d9b8b8746415a8f11b265166786,77,344,0xb4cb800910b228ed3d0834cf79d697127bbb00e5,100,0x2626664c2603336e57b271c5c0b26f421741e481,0xb4acbc082b5e7ded571c98ee4257778a9d784b36,3421638467730459,-6491184,3451008407626779560856509,172415096172701489,-200839,0x4200000000000000000000000000000000000006,0x833589fcd6edb6e08f4c7c32d4f71b54bda02913,WETH,18,USDC,6,0.0034216384677304,-6.491184,1897.2862845876875,0.0034216384677304,-6.491184,1897.0981479248865,1897.2862845876875,6.491184,WETH_IN,2026-08-18 08:27:57+00:00,0.0001,1.0
6925,base,50126168,1787041683,8572c685a726c5a867a6bb882a9733e3830238cecad1710c903f3abec3fa2b9d,108,534,0xd0b53d9277642d899df5c87a3966a349a798f224,500,0x00000000ae2193c4ac6521146b1adafe9b43361d,0x00000000ae2193c4ac6521146b1adafe9b43361d,-6435284416837403,12210736,3450309667813883716468128,1097704048242966343,-200843,0x4200000000000000000000000000000000000006,0x833589fcd6edb6e08f4c7c32d4f71b54bda02913,WETH,18,USDC,6,-0.0064352844168374,12.210736,1896.518059711932,-0.0064352844168374,12.210736,1897.466406931696,1896.518059711932,12.210736,WETH_OUT,2026-08-18 08:28:03+00:00,0.0005,5.0
63,base,50126169,1787041685,79ff25cb91aaf501c323701fbdd5548010287b9e4640e88dba8e7263c6eeedb5,14,16,0xb4cb800910b228ed3d0834cf79d697127bbb00e5,100,0x83d55acdc72027ed339d267eebaf9a41e47490d5,0x51c72848c68a965f66fa7a88855f9f7784502a7f,415142744889130368,-787483286,3450646509657237953164186,172353906769936338,-200841,0x4200000000000000000000000000000000000006,0x833589fcd6edb6e08f4c7c32d4f71b54bda02913,WETH,18,USDC,6,0.4151427448891304,-787.483286,1896.8883788333544,0.4151427448891304,-787.483286,1896.897623033996,1896.8883788333544,787.483286,WETH_IN,2026-08-18 08:28:05+00:00,0.0001,1.0
64,base,50126170,1787041687,9a35e967db66056261b6132435db3d0da0f4f97e411ab7350540cbade91a910e,19,251,0xb4cb800910b228ed3d0834cf79d697127bbb00e5,100,0x2626664c2603336e57b271c5c0b26f421741e481,0x2626664c2603336e57b271c5c0b26f421741e481,-679818482132122,1289669,3450647102436865658508201,172353906769936338,-200841,0x4200000000000000000000000000000000000006,0x833589fcd6edb6e08f4c7c32d4f71b54bda02913,WETH,18,USDC,6,-0.0006798184821321,1.289669,1896.889030558694,-0.0006798184821321,1.289669,1897.0784612315883,1896.889030558694,1.289669,WETH_OUT,2026-08-18 08:28:07+00:00,0.0001,1.0
65,base,50126170,1787041687,685abb9b775be7fe3b9c39fb2bd087c7b4dff6a142d4d673cc64f89188384fea,82,557,0xb4cb800910b228ed3d0834cf79d697127bbb00e5,100,0xecec48ec5a7b7f7b96460b0f4e2b99cf0db94cb1,0xecec48ec5a7b7f7b96460b0f4e2b99cf0db94cb1,109570312500000000,-207816186,3450551572867061737359634,172353906769936338,-200842,0x4200000000000000000000000000000000000006,0x833589fcd6edb6e08f4c7c32d4f71b54bda02913,WETH,18,USDC,6,0.1095703125,-207.816186,1896.7840030207676,0.1095703125,-207.816186,1896.6468312299464,1896.7840030207676,207.816186,WETH_IN,2026-08-18 08:28:07+00:00,0.0001,1.0
66,base,50126171,1787041689,c4bd7bf9b50773be46c67145e800b78ee6b8861d2181cca305d50a2c52745e0e,83,313,0xb4cb800910b228ed3d0834cf79d697127bbb00e5,100,0xc774f0643949d72bc72c470b382b68006a507c6f,0xc774f0643949d72bc72c470b382b68006a507c6f,31577673092165164,-59889557,3450524042654939656887519,172353906769936338,-200842,0x4200000000000000000000000000000000000006,0x833589fcd6edb6e08f4c7c32d4f71b54bda02913,WETH,18,USDC,6,0.0315776730921651,-59.889557,1896.753736174128,0.0315776730921651,-59.889557,1896.5791692504215,1896.753736174128,59.889557,WETH_IN,2026-08-18 08:28:09+00:00,0.0001,1.0
67,base,50126172,1787041691,4333255965d3c3b992323d9c2a9071aab4b4ea15ad10882ca47884a0487583a6,72,412,0xb4cb800910b228ed3d0834cf79d697127bbb00e5,100,0xc774f0643949d72bc72c470b382b68006a507c6f,0xc774f0643949d72bc72c470b382b68006a507c6f,23207453369157326,-44014163,3450503810091621312308410,172353906769936338,-200842,0x4200000000000000000000000000000000000006,0x833589fcd6edb6e08f4c7c32d4f71b54bda02913,WETH,18,USDC,6,0.0232074533691573,-44.014163,1896.731492551373,0.0232074533691573,-44.014163,1896.5529004787213,1896.731492551373,44.014163,WETH_IN,2026-08-18 08:28:11+00:00,0.0001,1.0
68,base,50126172,1787041691,fa49e2407dbb2c64301f1b511aeebb08460988f286a7b4adde639325996af73a,120,714,0xb4cb800910b228ed3d0834cf79d697127bbb00e5,100,0x83d55acdc72027ed339d267eebaf9a41e47490d5,0x51c72848c68a965f66fa7a88855f9f7784502a7f,134462609130777984,-255005297,3450386588488894463646680,172353906769936338,-200843,0x4200000000000000000000000000000000000006,0x833589fcd6edb6e08f4c7c32d4f71b54bda02913,WETH,18,USDC,6,0.1344626091307779,-255.005297,1896.602622020536,0.1344626091307779,-255.005297,1896.4773824370948,1896.602622020536,255.005297,WETH_IN,2026-08-18 08:28:11+00:00,0.0001,1.0
69,base,50126173,1787041693,2157afefc92a8e6df493eefdc957e5b7b583f7abe721e1b296150e892aab5335,108,393,0xb4cb800910b228ed3d0834cf79d697127bbb00e5,100,0xecec48ec5a7b7f7b96460b0f4e2b99cf0db94cb1,0xecec48ec5a7b7f7b96460b0f4e2b99cf0db94cb1,186328125000000000,-353338437,3450224164812656312503709,172353906769936338,-200843,0x4200000000000000000000000000000000000006,0x833589fcd6edb6e08f4c7c32d4f71b54bda02913,WETH,18,USDC,6,0.186328125,-353.338437,1896.4240646840303,0.186328125,-353.338437,1896.323687044025,1896.4240646840303,353.338437,WETH_IN,2026-08-18 08:28:13+00:00,0.0001,1.0
9910,base,50126174,1787041695,0ef3088c7284b53208554c07e8f1b04fe673e463a779723658897abb1e273e8e,63,376,0x6c561b446416e1a00e8e93e221854d6ea4171372,3000,0xcdbdc59a5eeb54027f8b45b118e3cd1f675d79c5,0xcdbdc59a5eeb54027f8b45b118e3cd1f675d79c5,-37677534323841,71721,3451489465347450571924085,32493891222989621559,-200836,0x4200000000000000000000000000000000000006,0x833589fcd6edb6e08f4c7c32d4f71b54bda02913,WETH,18,USDC,6,-3.7677534323841e-05,0.071721,1897.8152707398456,-3.7677534323841e-05,0.071721,1903.548129863092,1897.8152707398456,0.071721,WETH_OUT,2026-08-18 08:28:15+00:00,0.003,30.0
70,base,50126174,1787041695,3e4e392086522917ba5461c1271e55e689d4ecc7e034788e267fad74031a78af,64,412,0xb4cb800910b228ed3d0834cf79d697127bbb00e5,100,0x411d2c093e4c2e69bf0d8e94be1bf13dadd879c6,0x4409921ae43a39a11d90f7b7f96cfd0b8093d9fc,34960000000000000,-66291761,3450193274658080444205952,170020078104314033,-200844,0x4200000000000000000000000000000000000006,0x833589fcd6edb6e08f4c7c32d4f71b54bda02913,WETH,18,USDC,6,0.03496,-66.291761,1896.3901071395576,0.03496,-66.291761,1896.2174199084668,1896.3901071395576,66.291761,WETH_IN,2026-08-18 08:28:15+00:00,0.0001,1.0
71,base,50126175,1787041697,364d58c06cdd37ac2ab504b0f67d535ccdc9155114725cde77d01850d1429b8e,74,252,0xb4cb800910b228ed3d0834cf79d697127bbb00e5,100,0xfdf682f51fe81aa4898f0ae2163d8a55c127fbc7,0x01de7a89abaf0c6b526e5eed1d20d6ed36bd7fff,24759000000000000,-46947729,3450171397345708554530921,170020078104314033,-200844,0x4200000000000000000000000000000000000006,0x833589fcd6edb6e08f4c7c32d4f71b54bda02913,WETH,18,USDC,6,0.024759,-46.947729,1896.366057595712,0.024759,-46.947729,1896.1884163334544,1896.366057595712,46.947729,WETH_IN,2026-08-18 08:28:17+00:00,0.0001,1.0
72,base,50126177,1787041701,8d43269f8ef14f632785b1e544326f442d70d899aae28f11524a7ca124f78609,71,220,0xb4cb800910b228ed3d0834cf79d697127bbb00e5,100,0x2626664c2603336e57b271c5c0b26f421741e481,0xb4acbc082b5e7ded571c98ee4257778a9d784b36,41699581782195251,-79068919,3450134551784524535463986,170020078104314033,-200844,0x4200000000000000000000000000000000000006,0x833589fcd6edb6e08f4c7c32d4f71b54bda02913,WETH,18,USDC,6,0.0416995817821952,-79.068919,1896.3255539276568,0.0416995817821952,-79.068919,1896.1561632198573,1896.3255539276568,79.068919,WETH_IN,2026-08-18 08:28:21+00:00,0.0001,1.0
6926,base,50126180,1787041707,33dfebd8dee8ae9e41df9f1c53a1d53500e542a294dc7d424f4a7f9088c7dc89,85,511,0xd0b53d9277642d899df5c87a3966a349a798f224,500,0x2626664c2603336e57b271c5c0b26f421741e481,0x09289a1105ffa122faa0836fba1ce3eb613f2291,1000000000000000000,-1895494638,3450172858117759080175650,1097704048242966343,-200844,0x4200000000000000000000000000000000000006,0x833589fcd6edb6e08f4c7c32d4f71b54bda02913,WETH,18,USDC,6,1.0,-1895.494638,1896.36766340528,1.0,-1895.494638,1895.494638,1896.36766340528,1895.494638,WETH_IN,2026-08-18 08:28:27+00:00,0.0005,5.0
73,base,50126181,1787041709,57f66b96a4e99a21a5aa2911c802a5d085a7095de8c8f13b3e0dd4fbab5e087b,81,397,0xb4cb800910b228ed3d0834cf79d697127bbb00e5,100,0x411d2c093e4c2e69bf0d8e94be1bf13dadd879c6,0xc8f6b8ba0dc0f175b568b99440b0867f69a29265,-72901412603108995,138261220,3450198974098888237958927,170020078104314033,-200844,0x4200000000000000000000000000000000000006,0x833589fcd6edb6e08f4c7c32d4f71b54bda02913,WETH,18,USDC,6,-0.0729014126031089,138.26122,1896.3963725115127,-0.0729014126031089,138.26122,1896.5506299956612,1896.3963725115127,138.26122,WETH_OUT,2026-08-18 08:28:29+00:00,0.0001,1.0
9911,base,50126184,1787041715,2688b3a711d293307b41309ae15f223e67f91f27e48da26df3cd6540ea3086de,96,435,0x6c561b446416e1a00e8e93e221854d6ea4171372,3000,0x2626664c2603336e57b271c5c0b26f421741e481,0xd0a40c6526acdebd4f6d87931098ff37a9f8e4bf,-860859865184623,1638670,3451489469330945417274827,32493891222989621559,-200836,0x4200000000000000000000000000000000000006,0x833589fcd6edb6e08f4c7c32d4f71b54bda02913,WETH,18,USDC,6,-0.0008608598651846,1.63867,1897.8152751205275,-0.0008608598651846,1.63867,1903.527003955011,1897.8152751205275,1.63867,WETH_OUT,2026-08-18 08:28:35+00:00,0.003,30.0
74,base,50126185,1787041717,c6b85993a2dce04abd1f0eb85e3138d0b77e624ec9ea31b5c61db491016206fd,71,354,0xb4cb800910b228ed3d0834cf79d697127bbb00e5,100,0x2626664c2603336e57b271c5c0b26f421741e481,0xb4acbc082b5e7ded571c98ee4257778a9d784b36,-37114790969350737,70392064,3450231668680686278803724,172353906769936338,-200843,0x4200000000000000000000000000000000000006,0x833589fcd6edb6e08f4c7c32d4f71b54bda02913,WETH,18,USDC,6,-0.0371147909693507,70.392064,1896.432313731458,-0.0371147909693507,70.392064,1896.604080516836,1896.432313731458,70.392064,WETH_OUT,2026-08-18 08:28:37+00:00,0.0001,1.0
75,base,50126185,1787041717,2846cc50f5e435af66c40bc29b4f79197457646da4ee4878a8e2aa3f92e9ea07,92,427,0xb4cb800910b228ed3d0834cf79d697127bbb00e5,100,0x83d55acdc72027ed339d267eebaf9a41e47490d5,0x51c72848c68a965f66fa7a88855f9f7784502a7f,179031583495934336,-339471781,3450073581558661618112319,170020078104314033,-200844,0x4200000000000000000000000000000000000006,0x833589fcd6edb6e08f4c7c32d4f71b54bda02913,WETH,18,USDC,6,0.1790315834959343,-339.471781,1896.25853139622,0.1790315834959343,-339.471781,1896.1558311174135,1896.25853139622,339.471781,WETH_IN,2026-08-18 08:28:37+00:00,0.0001,1.0
76,base,50126186,1787041719,32325c32406088f76942c6310bd03e514f3092b9839011cd4a7290a92ead3f33,4,9,0xb4cb800910b228ed3d0834cf79d697127bbb00e5,100,0xecec48ec5a7b7f7b96460b0f4e2b99cf0db94cb1,0xecec48ec5a7b7f7b96460b0f4e2b99cf0db94cb1,142500000000000000,-270179959,3449947679594914783288095,170020078104314033,-200845,0x4200000000000000000000000000000000000006,0x833589fcd6edb6e08f4c7c32d4f71b54bda02913,WETH,18,USDC,6,0.1425,-270.179959,1896.1201353237493,0.1425,-270.179959,1895.999712280702,1896.1201353237493,270.179959,WETH_IN,2026-08-18 08:28:39+00:00,0.0001,1.0
77,base,50126187,1787041721,01eedb26adb7970dfcb821a247a5b886ccd1405498ea1921d3673363f43bee9c,119,365,0xb4cb800910b228ed3d0834cf79d697127bbb00e5,100,0xfdf682f51fe81aa4898f0ae2163d8a55c127fbc7,0xfdf682f51fe81aa4898f0ae2163d8a55c127fbc7,-21308048871810372,40406882,3449966507035111711182962,170020078104314033,-200845,0x4200000000000000000000000000000000000006,0x833589fcd6edb6e08f4c7c32d4f71b54bda02913,WETH,18,USDC,6,-0.0213080488718103,40.406882,1896.1408308178152,-0.0213080488718103,40.406882,1896.320129688484,1896.1408308178152,40.406882,WETH_OUT,2026-08-18 08:28:41+00:00,0.0001,1.0
78,base,50126190,1787041727,0aee9935452c94adf09322b294cdbf50c7e9a28e31e97eee472dff179f45e864,13,17,0xb4cb800910b228ed3d0834cf79d697127bbb00e5,100,0x83d55acdc72027ed339d267eebaf9a41e47490d5,0x51c72848c68a965f66fa7a88855f9f7784502a7f,178817606431098496,-339013933,3449808528922463415228819,170020078104314033,-200846,0x4200000000000000000000000000000000000006,0x833589fcd6edb6e08f4c7c32d4f71b54bda02913,WETH,18,USDC,6,0.1788176064310985,-339.013933,1895.967181658724,0.1788176064310985,-339.013933,1895.8643937034683,1895.967181658724,339.013933,WETH_IN,2026-08-18 08:28:47+00:00,0.0001,1.0
79,base,50126190,1787041727,4c4cbb1b9e1ccded3e7f3b13be91b3d3b251c84a6022ad014f46cdc092637161,151,604,0xb4cb800910b228ed3d0834cf79d697127bbb00e5,100,0xc774f0643949d72bc72c470b382b68006a507c6f,0xc774f0643949d72bc72c470b382b68006a507c6f,31577673092165164,-59863760,3449780632830315808203448,170020078104314033,-200846,0x4200000000000000000000000000000000000006,0x833589fcd6edb6e08f4c7c32d4f71b54bda02913,WETH,18,USDC,6,0.0315776730921651,-59.86376,1895.9365191677928,0.0315776730921651,-59.86376,1895.7622312852743,1895.9365191677928,59.86376,WETH_IN,2026-08-18 08:28:47+00:00,0.0001,1.0
9912,base,50126191,1787041729,3af6079a9a8b09c9b5035ae05263ad63aac71202492cd3cd3059c39d83bb897d,60,236,0x6c561b446416e1a00e8e93e221854d6ea4171372,3000,0x2626664c2603336e57b271c5c0b26f421741e481,0xd0a40c6526acdebd4f6d87931098ff37a9f8e4bf,990000000000000,-1873200,3451489464763617939766948,32493891222989621559,-200836,0x4200000000000000000000000000000000000006,0x833589fcd6edb6e08f4c7c32d4f71b54bda02913,WETH,18,USDC,6,0.00099,-1.8732,1897.8152700978003,0.00099,-1.8732,1892.121212121212,1897.8152700978003,1.8732,WETH_IN,2026-08-18 08:28:49+00:00,0.003,30.0
80,base,50126193,1787041733,2bacf605b10d280d6ed9cc12acf8ba53f61084cc2844e976b547a76ffd6b68c8,19,164,0xb4cb800910b228ed3d0834cf79d697127bbb00e5,100,0x2626664c2603336e57b271c5c0b26f421741e481,0x2626664c2603336e57b271c5c0b26f421741e481,-659754573006468,1250979,3449781215719030308449806,170020078104314033,-200846,0x4200000000000000000000000000000000000006,0x833589fcd6edb6e08f4c7c32d4f71b54bda02913,WETH,18,USDC,6,-0.0006597545730064,1.250979,1895.9371598578607,-0.0006597545730064,1.250979,1896.127819621397,1895.9371598578607,1.250979,WETH_OUT,2026-08-18 08:28:53+00:00,0.0001,1.0
9913,base,50126194,1787041735,c1c0eb7d3c5a5d9eb248af79595d26c535b004c6667324371a5141e8b216cc97,75,276,0x6c561b446416e1a00e8e93e221854d6ea4171372,3000,0x2626664c2603336e57b271c5c0b26f421741e481,0xd0a40c6526acdebd4f6d87931098ff37a9f8e4bf,3960000000000000,-7492802,3451489446494308150613565,32493891222989621559,-200836,0x4200000000000000000000000000000000000006,0x833589fcd6edb6e08f4c7c32d4f71b54bda02913,WETH,18,USDC,6,0.00396,-7.492802,1897.8152500068948,0.00396,-7.492802,1892.121717171717,1897.8152500068948,7.492802,WETH_IN,2026-08-18 08:28:55+00:00,0.003,30.0
9914,base,50126204,1787041755,3e2167c2f582c829f2dc006d005806c3e3576ccd44ee4e5ebfb3a8bf54d3c71e,85,378,0x6c561b446416e1a00e8e93e221854d6ea4171372,3000,0x2626664c2603336e57b271c5c0b26f421741e481,0xd0a40c6526acdebd4f6d87931098ff37a9f8e4bf,81180000000000000,-153602431,3451489071973500094594037,32493891222989621559,-200836,0x4200000000000000000000000000000000000006,0x833589fcd6edb6e08f4c7c32d4f71b54bda02913,WETH,18,USDC,6,0.08118,-153.602431,1897.814838143394,0.08118,-153.602431,1892.121593988667,1897.814838143394,153.602431,WETH_IN,2026-08-18 08:29:15+00:00,0.003,30.0
81,base,50126210,1787041767,aab4461a286061aa079e5a3c92ecf3edf0139cf3d98d64c731c9496c3de3e445,44,347,0xb4cb800910b228ed3d0834cf79d697127bbb00e5,100,0x2626664c2603336e57b271c5c0b26f421741e481,0xb4acbc082b5e7ded571c98ee4257778a9d784b36,105714060697895391,-200401747,3449687829911556935063847,170020077955237329,-200847,0x4200000000000000000000000000000000000006,0x833589fcd6edb6e08f4c7c32d4f71b54bda02913,WETH,18,USDC,6,0.1057140606978953,-200.401747,1895.834514956579,0.1057140606978953,-200.401747,1895.6962364041483,1895.834514956579,200.401747,WETH_IN,2026-08-18 08:29:27+00:00,0.0001,1.0
9915,base,50126210,1787041767,7853b4785256f6f79118e220bbba812f65dbb34a0fbc162137a51f129af29de3,85,488,0x6c561b446416e1a00e8e93e221854d6ea4171372,3000,0x2626664c2603336e57b271c5c0b26f421741e481,0xd0a40c6526acdebd4f6d87931098ff37a9f8e4bf,495000000000000,-936600,3451489069689841998707768,32493964054336417221,-200836,0x4200000000000000000000000000000000000006,0x833589fcd6edb6e08f4c7c32d4f71b54bda02913,WETH,18,USDC,6,0.000495,-0.9366,1897.8148356320376,0.000495,-0.9366,1892.121212121212,1897.8148356320376,0.9366,WETH_IN,2026-08-18 08:29:27+00:00,0.003,30.0
82,base,50126211,1787041769,c50b15f1fa82dcfcdc867e0590dba0def05ad542221c7cf54250bcb19ea7529e,84,383,0xb4cb800910b228ed3d0834cf79d697127bbb00e5,100,0x0b0b18effe597714da672faf5c5f8736532c0a7e,0x0f0067cd819cb8f20bda62046daff7a2b5c88280,-190602804469233077,361405156,3449856225334847270386737,170020078104314033,-200846,0x4200000000000000000000000000000000000006,0x833589fcd6edb6e08f4c7c32d4f71b54bda02913,WETH,18,USDC,6,-0.190602804469233,361.405156,1896.019608601811,-0.190602804469233,361.405156,1896.1166757561407,1896.019608601811,361.405156,WETH_OUT,2026-08-18 08:29:29+00:00,0.0001,1.0
83,base,50126211,1787041769,eec9fa0e729c0270afb85ea110445452fc96f7669d4c032f247e21809e984042,125,482,0xb4cb800910b228ed3d0834cf79d697127bbb00e5,100,0xc774f0643949d72bc72c470b382b68006a507c6f,0xc774f0643949d72bc72c470b382b68006a507c6f,-86940311603040048,164860693,3449933041577305939629048,170020078104314033,-200845,0x4200000000000000000000000000000000000006,0x833589fcd6edb6e08f4c7c32d4f71b54bda02913,WETH,18,USDC,6,-0.08694031160304,164.860693,1896.104045003766,-0.08694031160304,164.860693,1896.2514621840312,1896.104045003766,164.860693,WETH_OUT,2026-08-18 08:29:29+00:00,0.0001,1.0
84,base,50126212,1787041771,3c6fb7c469ee2fff2d66937920ca0e28d07aa4fad4418e181d264d97fb485d97,41,251,0xb4cb800910b228ed3d0834cf79d697127bbb00e5,100,0x7747f8d2a76bd6345cc29622a946a929647f2359,0x7747f8d2a76bd6345cc29622a946a929647f2359,262707526828,-498,3449933041345208354742385,170020078104314033,-200845,0x4200000000000000000000000000000000000006,0x833589fcd6edb6e08f4c7c32d4f71b54bda02913,WETH,18,USDC,6,2.62707526828e-07,-0.000498,1896.1040447486407,2.62707526828e-07,-0.000498,1895.644201797274,1896.1040447486407,0.000498,WETH_IN,2026-08-18 08:29:31+00:00,0.0001,1.0
9916,base,50126213,1787041773,4ecd48c64b694e815e0da9e22c1bff98c5baedc4295d2994695055a1354bba58,181,640,0x6c561b446416e1a00e8e93e221854d6ea4171372,3000,0x2626664c2603336e57b271c5c0b26f421741e481,0xd0a40c6526acdebd4f6d87931098ff37a9f8e4bf,24750000000000000,-46830002,3451488955506941057366062,32493964054336417221,-200836,0x4200000000000000000000000000000000000006,0x833589fcd6edb6e08f4c7c32d4f71b54bda02913,WETH,18,USDC,6,0.02475,-46.830002,1897.8147100642052,0.02475,-46.830002,1892.1212929292928,1897.8147100642052,46.830002,WETH_IN,2026-08-18 08:29:33+00:00,0.003,30.0
6927,base,50126214,1787041775,90085be71a0a62721378a6c5dd6d54f88ad8d5000b67ddefa3eef257bb9f2f50,88,361,0xd0b53d9277642d899df5c87a3966a349a798f224,500,0x2626664c2603336e57b271c5c0b26f421741e481,0x4581e152e252a767f7ce6b4920b2e15c5a3aebaa,105517981081773329,-200000000,3450158422867631128030588,1097704048242966343,-200844,0x4200000000000000000000000000000000000006,0x833589fcd6edb6e08f4c7c32d4f71b54bda02913,WETH,18,USDC,6,0.1055179810817733,-200.0,1896.351794934096,0.1055179810817733,-200.0,1895.411549288513,1896.351794934096,200.0,WETH_IN,2026-08-18 08:29:35+00:00,0.0005,5.0
85,base,50126216,1787041779,9eadf5fbe1faa2c7172664ede4d68e0c790e008d4e4945ebacf8cbdc12c8029f,101,399,0xb4cb800910b228ed3d0834cf79d697127bbb00e5,100,0xfdf682f51fe81aa4898f0ae2163d8a55c127fbc7,0xfdf682f51fe81aa4898f0ae2163d8a55c127fbc7,-3102645839266874,5883533,3449935782755802275001050,170020078104314033,-200845,0x4200000000000000000000000000000000000006,0x833589fcd6edb6e08f4c7c32d4f71b54bda02913,WETH,18,USDC,6,-0.0031026458392668,5.883533,1896.1070581414915,-0.0031026458392668,5.883533,1896.2953894184143,1896.1070581414915,5.883533,WETH_OUT,2026-08-18 08:29:39+00:00,0.0001,1.0
86,base,50126218,1787041783,817e7b2bae3c91518c3475ee9cba06aec7f398e3ac4ef34af143a5edaaa9ac8c,93,244,0xb4cb800910b228ed3d0834cf79d697127bbb00e5,100,0x2626664c2603336e57b271c5c0b26f421741e481,0xb4acbc082b5e7ded571c98ee4257778a9d784b36,-6830877130602536,12953393,3449941818342054546448900,170020078104314033,-200845,0x4200000000000000000000000000000000000006,0x833589fcd6edb6e08f4c7c32d4f71b54bda02913,WETH,18,USDC,6,-0.0068308771306025,12.953393,1896.113692541912,-0.0068308771306025,12.953393,1896.3001020715783,1896.113692541912,12.953393,WETH_OUT,2026-08-18 08:29:43+00:00,0.0001,1.0
9917,base,50126222,1787041791,bbd09e286ec18c87b9565866cd5282f35a73e05783aaaa8c7f8d2c5139bf9090,2,4,0x6c561b446416e1a00e8e93e221854d6ea4171372,3000,0x2626664c2603336e57b271c5c0b26f421741e481,0xd0a40c6526acdebd4f6d87931098ff37a9f8e4bf,49500000000000000,-93659996,3451488727141274372369409,32493980066587280178,-200836,0x4200000000000000000000000000000000000006,0x833589fcd6edb6e08f4c7c32d4f71b54bda02913,WETH,18,USDC,6,0.0495,-93.659996,1897.8144589287028,0.0495,-93.659996,1892.1211313131316,1897.8144589287028,93.659996,WETH_IN,2026-08-18 08:29:51+00:00,0.003,30.0
6928,base,50126222,1787041791,50ed8dea7acfdfbc5f62c1d81604233d9b32ee45f86394f9ec718bcbb044ff41,86,349,0xd0b53d9277642d899df5c87a3966a349a798f224,500,0x1c9637f9103d51e257b38712e514dfcdd4a55812,0xf39b8ad8b194a56291d55b3a4c690b2557b5b8c9,17295427819189642,-32781794,3450156056800650963026281,1097704048242966343,-200844,0x4200000000000000000000000000000000000006,0x833589fcd6edb6e08f4c7c32d4f71b54bda02913,WETH,18,USDC,6,0.0172954278191896,-32.781794,1896.3491939556616,0.0172954278191896,-32.781794,1895.4023191972103,1896.3491939556616,32.781794,WETH_IN,2026-08-18 08:29:51+00:00,0.0005,5.0
9918,base,50126223,1787041793,d243e604554db8bb199526ddec1100ce3dcf5bd0c6d83c51e9ca292cdba3f803,79,327,0x6c561b446416e1a00e8e93e221854d6ea4171372,3000,0x2626664c2603336e57b271c5c0b26f421741e481,0xd0a40c6526acdebd4f6d87931098ff37a9f8e4bf,495000000000000,-936599,3451488724857617858127164,32493980066587280178,-200836,0x4200000000000000000000000000000000000006,0x833589fcd6edb6e08f4c7c32d4f71b54bda02913,WETH,18,USDC,6,0.000495,-0.936599,1897.814456417348,0.000495,-0.936599,1892.119191919192,1897.814456417348,0.936599,WETH_IN,2026-08-18 08:29:53+00:00,0.003,30.0
6929,base,50126227,1787041801,7a5ea7f80f34435b2b80bb69c61a09f4aa0d36a99057adaf574af0083a14cefe,7,3,0xd0b53d9277642d899df5c87a3966a349a798f224,500,0x2626664c2603336e57b271c5c0b26f421741e481,0x2626664c2603336e57b271c5c0b26f421741e481,-794090011144133,1506626,3450156165488845866424043,1097704048242966343,-200844,0x4200000000000000000000000000000000000006,0x833589fcd6edb6e08f4c7c32d4f71b54bda02913,WETH,18,USDC,6,-0.0007940900111441,1.506626,1896.349313434764,-0.0007940900111441,1.506626,1897.298768220542,1896.349313434764,1.506626,WETH_OUT,2026-08-18 08:30:01+00:00,0.0005,5.0
6930,base,50126227,1787041801,96042c3d4b05f86898216390a69fd08e8fcb428d2d55a1ec392ed5d3ac203ebc,26,136,0xd0b53d9277642d899df5c87a3966a349a798f224,500,0x2626664c2603336e57b271c5c0b26f421741e481,0x030c2b28f54351bc9d59b157ee92f4dc119dd3c8,-788940593684632,1496856,3450156273472239682324542,1097704048242966343,-200844,0x4200000000000000000000000000000000000006,0x833589fcd6edb6e08f4c7c32d4f71b54bda02913,WETH,18,USDC,6,-0.0007889405936846,1.496856,1896.349432139093,-0.0007889405936846,1.496856,1897.2987471834251,1896.349432139093,1.496856,WETH_OUT,2026-08-18 08:30:01+00:00,0.0005,5.0
6931,base,50126227,1787041801,c70cd026af46d7170d990815487225e744f0a79a808117c715a14e80445769ff,41,283,0xd0b53d9277642d899df5c87a3966a349a798f224,500,0x2626664c2603336e57b271c5c0b26f421741e481,0x2626664c2603336e57b271c5c0b26f421741e481,-397125643287190,753466,3450156327827380100371306,1097704048242966343,-200844,0x4200000000000000000000000000000000000006,0x833589fcd6edb6e08f4c7c32d4f71b54bda02913,WETH,18,USDC,6,-0.0003971256432871,0.753466,1896.3494918907872,-0.0003971256432871,0.753466,1897.2987837381093,1896.3494918907872,0.753466,WETH_OUT,2026-08-18 08:30:01+00:00,0.0005,5.0
87,base,50126232,1787041811,3a37688d3c67371f97a84ea0e01245b891b41b7e5437aceb94a7023096f3bc33,87,273,0xb4cb800910b228ed3d0834cf79d697127bbb00e5,100,0x83d55acdc72027ed339d267eebaf9a41e47490d5,0x51c72848c68a965f66fa7a88855f9f7784502a7f,-299192036966115616,567402333,3450206197404021269360660,170020078104314033,-200844,0x4200000000000000000000000000000000000006,0x833589fcd6edb6e08f4c7c32d4f71b54bda02913,WETH,18,USDC,6,-0.2991920369661155,567.402333,1896.4043130761545,-0.2991920369661155,567.402333,1896.448644668508,1896.4043130761545,567.402333,WETH_OUT,2026-08-18 08:30:11+00:00,0.0001,1.0
9919,base,50126234,1787041815,29d7f19d37ed1007e0224a4d1574bc2a98d4be6d08c595274ae22dd8b29d9781,134,710,0x6c561b446416e1a00e8e93e221854d6ea4171372,3000,0x2626664c2603336e57b271c5c0b26f421741e481,0xd0a40c6526acdebd4f6d87931098ff37a9f8e4bf,262180469787327792,-496077002,3451487515302208728704453,32493980066587280178,-200836,0x4200000000000000000000000000000000000006,0x833589fcd6edb6e08f4c7c32d4f71b54bda02913,WETH,18,USDC,6,0.2621804697873278,-496.077002,1897.8131262601196,0.2621804697873278,-496.077002,1892.1203490191367,1897.8131262601196,496.077002,WETH_IN,2026-08-18 08:30:15+00:00,0.003,30.0
88,base,50126236,1787041819,b9f7044a2d363d95b3e925127d94c93e1445e8eed02041f953d78b675fcd5940,78,384,0xb4cb800910b228ed3d0834cf79d697127bbb00e5,100,0x83d55acdc72027ed339d267eebaf9a41e47490d5,0x51c72848c68a965f66fa7a88855f9f7784502a7f,-144546842583912920,274156721,3450332451959268746662901,172353906769936338,-200843,0x4200000000000000000000000000000000000006,0x833589fcd6edb6e08f4c7c32d4f71b54bda02913,WETH,18,USDC,6,-0.1445468425839129,274.156721,1896.5431071366727,-0.1445468425839129,274.156721,1896.6635043643064,1896.5431071366727,274.156721,WETH_OUT,2026-08-18 08:30:19+00:00,0.0001,1.0
89,base,50126236,1787041819,70217a3112b2cab74463d92f390297501565fcf76320c8a8c1a4a1ee21288160,128,610,0xb4cb800910b228ed3d0834cf79d697127bbb00e5,100,0x83d55acdc72027ed339d267eebaf9a41e47490d5,0x51c72848c68a965f66fa7a88855f9f7784502a7f,-146245677938869191,277399222,3450459954916785411154760,172353906769936338,-200842,0x4200000000000000000000000000000000000006,0x833589fcd6edb6e08f4c7c32d4f71b54bda02913,WETH,18,USDC,6,-0.1462456779388692,277.399222,1896.6832787442363,-0.1462456779388692,277.399222,1896.8028724647377,1896.6832787442363,277.399222,WETH_OUT,2026-08-18 08:30:19+00:00,0.0001,1.0
9920,base,50126238,1787041823,d4672da63f2479ee99ff96d45388eb2198a6fd1035dd57dee9886cb58df9cf2e,79,771,0x6c561b446416e1a00e8e93e221854d6ea4171372,3000,0xa9595ef01554ff0de2ba6b5dc23e05a670c371f3,0xa9595ef01554ff0de2ba6b5dc23e05a670c371f3,49500000000000000,-93659918,3451487286936732624201379,32493980066587280178,-200836,0x4200000000000000000000000000000000000006,0x833589fcd6edb6e08f4c7c32d4f71b54bda02913,WETH,18,USDC,6,0.0495,-93.659918,1897.81287512493,0.0495,-93.659918,1892.1195555555555,1897.81287512493,93.659918,WETH_IN,2026-08-18 08:30:23+00:00,0.003,30.0
90,base,50126240,1787041827,760e9ce01d5fc44e5114cf8956ad1483bcb4c9c7c4c578571bdd26fc71dfd85e,26,319,0xb4cb800910b228ed3d0834cf79d697127bbb00e5,100,0x2626664c2603336e57b271c5c0b26f421741e481,0x3a872cfac12de8dbdd4ad37fbd3b251c2c7c0aaf,-290316598662957058,550734109,3450713092712706776995809,172353906769936338,-200841,0x4200000000000000000000000000000000000006,0x833589fcd6edb6e08f4c7c32d4f71b54bda02913,WETH,18,USDC,6,-0.290316598662957,550.734109,1896.9615835747445,-0.290316598662957,550.734109,1897.0121292974177,1896.9615835747445,550.734109,WETH_OUT,2026-08-18 08:30:27+00:00,0.0001,1.0
91,base,50126240,1787041827,302ae11b876e7298ad43449ff9ea4ae80acbd243f3e2e6e79e0118cff2dc7389,60,454,0xb4cb800910b228ed3d0834cf79d697127bbb00e5,100,0xc774f0643949d72bc72c470b382b68006a507c6f,0xc774f0643949d72bc72c470b382b68006a507c6f,31577673092165164,-59895164,3450685559923163752530217,172353906769936338,-200841,0x4200000000000000000000000000000000000006,0x833589fcd6edb6e08f4c7c32d4f71b54bda02913,WETH,18,USDC,6,0.0315776730921651,-59.895164,1896.9313124775624,0.0315776730921651,-59.895164,1896.7567314154248,1896.9313124775624,59.895164,WETH_IN,2026-08-18 08:30:27+00:00,0.0001,1.0
92,base,50126240,1787041827,c9c473b5e8f67e1e828a336c380b6cfb9ed00a3b0dd20ac85f7e387d2277fbaf,63,461,0xb4cb800910b228ed3d0834cf79d697127bbb00e5,100,0xcdbdc59a5eeb54027f8b45b118e3cd1f675d79c5,0xcdbdc59a5eeb54027f8b45b118e3cd1f675d79c5,191425052469208797,-363066303,3450518664512392648190767,172353906769936338,-200842,0x4200000000000000000000000000000000000006,0x833589fcd6edb6e08f4c7c32d4f71b54bda02913,WETH,18,USDC,6,0.1914250524692088,-363.066303,1896.7478234467312,0.1914250524692088,-363.066303,1896.6498810723851,1896.7478234467312,363.066303,WETH_IN,2026-08-18 08:30:27+00:00,0.0001,1.0
93,base,50126242,1787041831,bcfc8b9a75b92f8025b063ca6a5ac7675db19ce248a5c8d1d80a573d5acefa4b,75,233,0xb4cb800910b228ed3d0834cf79d697127bbb00e5,100,0xc774f0643949d72bc72c470b382b68006a507c6f,0xc774f0643949d72bc72c470b382b68006a507c6f,17406003591859624,-33011352,3450503489754413379752591,172353906769936338,-200842,0x4200000000000000000000000000000000000006,0x833589fcd6edb6e08f4c7c32d4f71b54bda02913,WETH,18,USDC,6,0.0174060035918596,-33.011352,1896.731140374604,0.0174060035918596,-33.011352,1896.5497637515505,1896.731140374604,33.011352,WETH_IN,2026-08-18 08:30:31+00:00,0.0001,1.0
94,base,50126242,1787041831,ea1a65a646ad3b7719236269752c8a01e3c6aa6a046757277f67bfe0929f1ea2,93,360,0xb4cb800910b228ed3d0834cf79d697127bbb00e5,100,0xc774f0643949d72bc72c470b382b68006a507c6f,0xc774f0643949d72bc72c470b382b68006a507c6f,16835714620507272,-31929495,3450488812308027950856198,172353906769936338,-200842,0x4200000000000000000000000000000000000006,0x833589fcd6edb6e08f4c7c32d4f71b54bda02913,WETH,18,USDC,6,0.0168357146205072,-31.929495,1896.715004114784,0.0168357146205072,-31.929495,1896.5333946149972,1896.715004114784,31.929495,WETH_IN,2026-08-18 08:30:31+00:00,0.0001,1.0
95,base,50126243,1787041833,ce5d7cd0e6f8f5ae81ca631c28f43a810257e43033a23a03caa4c5e4d437407b,3,8,0xb4cb800910b228ed3d0834cf79d697127bbb00e5,100,0xecec48ec5a7b7f7b96460b0f4e2b99cf0db94cb1,0xecec48ec5a7b7f7b96460b0f4e2b99cf0db94cb1,229218750000000000,-434693991,3450288990866138088848620,172353906769936338,-200843,0x4200000000000000000000000000000000000006,0x833589fcd6edb6e08f4c7c32d4f71b54bda02913,WETH,18,USDC,6,0.22921875,-434.693991,1896.495328947976,0.22921875,-434.693991,1896.4155026584867,1896.495328947976,434.693991,WETH_IN,2026-08-18 08:30:33+00:00,0.0001,1.0
96,base,50126244,1787041835,ce7c319f92c9a35bef648e813b9c34ed7e736194154fe7da8d650be3353a3472,107,514,0xb4cb800910b228ed3d0834cf79d697127bbb00e5,100,0x6ff5693b99212da76ad316178a184ab56d299b43,0x6ff5693b99212da76ad316178a184ab56d299b43,-9991278583887523,18950357,3450297701151710594727122,172353906769936338,-200843,0x4200000000000000000000000000000000000006,0x833589fcd6edb6e08f4c7c32d4f71b54bda02913,WETH,18,USDC,6,-0.0099912785838875,18.950357,1896.504904399074,-0.0099912785838875,18.950357,1896.6898821698728,1896.504904399074,18.950357,WETH_OUT,2026-08-18 08:30:35+00:00,0.0001,1.0
97,base,50126245,1787041837,49dbd76dc508d6c491d98e5254930070aceb0fe99213f67b31210a2abfb4bfe9,62,311,0xb4cb800910b228ed3d0834cf79d697127bbb00e5,100,0x37903bfc76aaaabccb71425bd6767fcd70ad67b1,0xf39b8ad8b194a56291d55b3a4c690b2557b5b8c9,26718641861335946,-50666626,3450274410564554634200303,172353906769936338,-200843,0x4200000000000000000000000000000000000006,0x833589fcd6edb6e08f4c7c32d4f71b54bda02913,WETH,18,USDC,6,0.0267186418613359,-50.666626,1896.4793004845656,0.0267186418613359,-50.666626,1896.3024491644817,1896.4793004845656,50.666626,WETH_IN,2026-08-18 08:30:37+00:00,0.0001,1.0
98,base,50126245,1787041837,16e6b8975ebc99017b5a701af14766ae73fba49e5fa13096766293cd083d98de,186,686,0xb4cb800910b228ed3d0834cf79d697127bbb00e5,100,0xecec48ec5a7b7f7b96460b0f4e2b99cf0db94cb1,0xecec48ec5a7b7f7b96460b0f4e2b99cf0db94cb1,256171875000000000,-485744379,3450048748148144062960084,170020078104314033,-200845,0x4200000000000000000000000000000000000006,0x833589fcd6edb6e08f4c7c32d4f71b54bda02913,WETH,18,USDC,6,0.256171875,-485.744379,1896.2312331975195,0.256171875,-485.744379,1896.1659198536136,1896.2312331975195,485.744379,WETH_IN,2026-08-18 08:30:37+00:00,0.0001,1.0
99,base,50126246,1787041839,c48fb135a7e435835bfe00c3f0338eb574b018fdceddfc040a3c7313a0b6d596,120,483,0xb4cb800910b228ed3d0834cf79d697127bbb00e5,100,0x7c137a37742437d2212b7bd873ed135b5c4c61da,0x7c137a37742437d2212b7bd873ed135b5c4c61da,681806475908243,-1292733,3450048145743539905496926,170020078104314033,-200845,0x4200000000000000000000000000000000000006,0x833589fcd6edb6e08f4c7c32d4f71b54bda02913,WETH,18,USDC,6,0.0006818064759082,-1.292733,1896.230571004948,0.0006818064759082,-1.292733,1896.0409524974573,1896.230571004948,1.292733,WETH_IN,2026-08-18 08:30:39+00:00,0.0001,1.0
9921,base,50126248,1787041843,c208c5c270ba53011c8887eac35187dfee1f5b6fb297f59d5a7238d2ebf32696,1,4,0x6c561b446416e1a00e8e93e221854d6ea4171372,3000,0x2626664c2603336e57b271c5c0b26f421741e481,0xd0a40c6526acdebd4f6d87931098ff37a9f8e4bf,9900000000000000,-18731982,3451487241264288847026968,32494440960826841064,-200836,0x4200000000000000000000000000000000000006,0x833589fcd6edb6e08f4c7c32d4f71b54bda02913,WETH,18,USDC,6,0.0099,-18.731982,1897.8128248986109,0.0099,-18.731982,1892.1193939393936,1897.8128248986109,18.731982,WETH_IN,2026-08-18 08:30:43+00:00,0.003,30.0
100,base,50126248,1787041843,5ac9164ac7dc70640e7b0aef126d2b5884ec8e45f6615568d1ab7e94ceaf7dcf,82,271,0xb4cb800910b228ed3d0834cf79d697127bbb00e5,100,0xecec48ec5a7b7f7b96460b0f4e2b99cf0db94cb1,0xecec48ec5a7b7f7b96460b0f4e2b99cf0db94cb1,154921875000000000,-293726565,3449911271226710683771960,170020078104314033,-200845,0x4200000000000000000000000000000000000006,0x833589fcd6edb6e08f4c7c32d4f71b54bda02913,WETH,18,USDC,6,0.154921875,-293.726565,1896.080114846812,0.154921875,-293.726565,1895.9657246596068,1896.080114846812,293.726565,WETH_IN,2026-08-18 08:30:43+00:00,0.0001,1.0
101,base,50126249,1787041845,b6a00cfa4d857450e315983358885599c5f29374c197de9eca398833b57329c4,73,330,0xb4cb800910b228ed3d0834cf79d697127bbb00e5,100,0x6ff5693b99212da76ad316178a184ab56d299b43,0x995b30de2539f507633dfc87525d27a4643d713f,12000000000000000,-22750616,3449900669599331014784705,170020078104314033,-200845,0x4200000000000000000000000000000000000006,0x833589fcd6edb6e08f4c7c32d4f71b54bda02913,WETH,18,USDC,6,0.012,-22.750616,1896.068461501324,0.012,-22.750616,1895.8846666666664,1896.068461501324,22.750616,WETH_IN,2026-08-18 08:30:45+00:00,0.0001,1.0
6932,base,50126249,1787041845,89915740d439b72e98468ba6e28488bf73764fdbf2f50d52508fe422718cb549,111,420,0xd0b53d9277642d899df5c87a3966a349a798f224,500,0x2626664c2603336e57b271c5c0b26f421741e481,0x2626664c2603336e57b271c5c0b26f421741e481,-1838331890123414,3487864,3450156579442450980653965,1097704048242966343,-200844,0x4200000000000000000000000000000000000006,0x833589fcd6edb6e08f4c7c32d4f71b54bda02913,WETH,18,USDC,6,-0.0018383318901234,3.487864,1896.349768487025,-0.0018383318901234,3.487864,1897.2983163371264,1896.349768487025,3.487864,WETH_OUT,2026-08-18 08:30:45+00:00,0.0005,5.0
102,base,50126250,1787041847,392d15161008312daa849eeaa6ed638768fb2acbc7d8cf5f97a7ca9c7e95750f,111,578,0xb4cb800910b228ed3d0834cf79d697127bbb00e5,100,0x2626664c2603336e57b271c5c0b26f421741e481,0xb4acbc082b5e7ded571c98ee4257778a9d784b36,9862526820639498,-18698108,3449891956411915428852949,170020078104314033,-200845,0x4200000000000000000000000000000000000006,0x833589fcd6edb6e08f4c7c32d4f71b54bda02913,WETH,18,USDC,6,0.0098625268206394,-18.698108,1896.058883962388,0.0098625268206394,-18.698108,1895.8739824027768,1896.058883962388,18.698108,WETH_IN,2026-08-18 08:30:47+00:00,0.0001,1.0
103,base,50126250,1787041847,392d15161008312daa849eeaa6ed638768fb2acbc7d8cf5f97a7ca9c7e95750f,111,589,0xb4cb800910b228ed3d0834cf79d697127bbb00e5,100,0x2626664c2603336e57b271c5c0b26f421741e481,0x6fd481970744f9bc0044a81859fd92431a2dd67d,4885112233402335,-9261522,3449887640607410346321134,170020078104314033,-200845,0x4200000000000000000000000000000000000006,0x833589fcd6edb6e08f4c7c32d4f71b54bda02913,WETH,18,USDC,6,0.0048851122334023,-9.261522,1896.054140037384,0.0048851122334023,-9.261522,1895.86678002475,1896.054140037384,9.261522,WETH_IN,2026-08-18 08:30:47+00:00,0.0001,1.0
104,base,50126250,1787041847,00a040f41f7f34436e7ad5d538072a7d46f7e83cf8fa9d10cf843db7fff2c6cb,128,682,0xb4cb800910b228ed3d0834cf79d697127bbb00e5,100,0xfdf682f51fe81aa4898f0ae2163d8a55c127fbc7,0xfdf682f51fe81aa4898f0ae2163d8a55c127fbc7,-263660740446371953,499998798,3450120613236633894841687,170020078104314033,-200844,0x4200000000000000000000000000000000000006,0x833589fcd6edb6e08f4c7c32d4f71b54bda02913,WETH,18,USDC,6,-0.2636607404463719,499.998798,1896.3102316434035,-0.2636607404463719,499.998798,1896.371819154846,1896.3102316434035,499.998798,WETH_OUT,2026-08-18 08:30:47+00:00,0.0001,1.0
105,base,50126250,1787041847,08861637e7139d2ad93122145102690826d06efa23143148b9c93917f59abbcb,150,815,0xb4cb800910b228ed3d0834cf79d697127bbb00e5,100,0xc774f0643949d72bc72c470b382b68006a507c6f,0xc774f0643949d72bc72c470b382b68006a507c6f,61098396302629193,-115848115,3450066628828447338069500,170020078104314033,-200844,0x4200000000000000000000000000000000000006,0x833589fcd6edb6e08f4c7c32d4f71b54bda02913,WETH,18,USDC,6,0.0610983963026291,-115.848115,1896.2508885675156,0.0610983963026291,-115.848115,1896.0909289040508,1896.2508885675156,115.848115,WETH_IN,2026-08-18 08:30:47+00:00,0.0001,1.0
106,base,50126250,1787041847,d2a561c120c29ecd506631eae18367cea8f6904c12f454df192930dda403761d,151,818,0xb4cb800910b228ed3d0834cf79d697127bbb00e5,100,0x278d858f05b94576c1e6f73285886876ff6ef8d2,0x278d858f05b94576c1e6f73285886876ff6ef8d2,71643076764426576,-135837170,3450003329660905609804792,170020078104314033,-200845,0x4200000000000000000000000000000000000006,0x833589fcd6edb6e08f4c7c32d4f71b54bda02913,WETH,18,USDC,6,0.0716430767644265,-135.83717,1896.181307301708,0.0716430767644265,-135.83717,1896.0264708710572,1896.181307301708,135.83717,WETH_IN,2026-08-18 08:30:47+00:00,0.0001,1.0
107,base,50126252,1787041851,6ecd9a4c74918611862ac9736c30a67186bd9e0ebde43b1d7b58e8431c10f32e,115,432,0xb4cb800910b228ed3d0834cf79d697127bbb00e5,100,0xecec48ec5a7b7f7b96460b0f4e2b99cf0db94cb1,0xecec48ec5a7b7f7b96460b0f4e2b99cf0db94cb1,85312500000000000,-161748257,3449927956108881189269950,170020078104314033,-200845,0x4200000000000000000000000000000000000006,0x833589fcd6edb6e08f4c7c32d4f71b54bda02913,WETH,18,USDC,6,0.0853125,-161.748257,1896.098454999538,0.0853125,-161.748257,1895.950265201465,1896.098454999538,161.748257,WETH_IN,2026-08-18 08:30:51+00:00,0.0001,1.0
108,base,50126253,1787041853,8e827ed79dcaf5ce3ddf2d0424375541f18ab7ef573fc2255a7f5c099adccc5d,72,311,0xb4cb800910b228ed3d0834cf79d697127bbb00e5,100,0xecec48ec5a7b7f7b96460b0f4e2b99cf0db94cb1,0xecec48ec5a7b7f7b96460b0f4e2b99cf0db94cb1,202265625000000000,-383457325,3449749267687897493057087,170020078104314033,-200846,0x4200000000000000000000000000000000000006,0x833589fcd6edb6e08f4c7c32d4f71b54bda02913,WETH,18,USDC,6,0.202265625,-383.457325,1895.902043904037,0.202265625,-383.457325,1895.8106450366936,1895.902043904037,383.457325,WETH_IN,2026-08-18 08:30:53+00:00,0.0001,1.0
9922,base,50126254,1787041855,ad7662f2bf21cc8bfea178bd74da2533d33a9a61866e59ec44b427fe053ee59f,27,116,0x6c561b446416e1a00e8e93e221854d6ea4171372,3000,0x0bf485bd7ebb82e282f72e7d14822c680e3f7bec,0x0bf485bd7ebb82e282f72e7d14822c680e3f7bec,-67283242221372,128076,3451487241575625892855382,32494441105426584882,-200836,0x4200000000000000000000000000000000000006,0x833589fcd6edb6e08f4c7c32d4f71b54bda02913,WETH,18,USDC,6,-6.7283242221372e-05,0.128076,1897.812825240991,-6.7283242221372e-05,0.128076,1903.5349036630944,1897.812825240991,0.128076,WETH_OUT,2026-08-18 08:30:55+00:00,0.003,30.0
109,base,50126256,1787041859,674b2699ed70b8a0f2f8ddc527705ddf896d23866f71fc1ea29971d76120319e,20,81,0xb4cb800910b228ed3d0834cf79d697127bbb00e5,100,0x8f10b468b06c6fd214b65f87778827f7d113f996,0x8f10b468b06c6fd214b65f87778827f7d113f996,5093109972477772,-9655059,3449744768498010026134823,170020078104314033,-200846,0x4200000000000000000000000000000000000006,0x833589fcd6edb6e08f4c7c32d4f71b54bda02913,WETH,18,USDC,6,0.0050931099724777,-9.655059,1895.8970986068111,0.0050931099724777,-9.655059,1895.7099006646547,1895.8970986068111,9.655059,WETH_IN,2026-08-18 08:30:59+00:00,0.0001,1.0
6933,base,50126256,1787041859,cf89a7156bd2d5c74248cf05c586de8eeb081ca1a8f562a1570b8828be80c7e8,82,858,0xd0b53d9277642d899df5c87a3966a349a798f224,500,0x1c9637f9103d51e257b38712e514dfcdd4a55812,0xf39b8ad8b194a56291d55b3a4c690b2557b5b8c9,44089429582611731,-83567029,3450150547887620656500879,1097704048242966343,-200844,0x4200000000000000000000000000000000000006,0x833589fcd6edb6e08f4c7c32d4f71b54bda02913,WETH,18,USDC,6,0.0440894295826117,-83.567029,1896.3431381052756,0.0440894295826117,-83.567029,1895.3982800666056,1896.3431381052756,83.567029,WETH_IN,2026-08-18 08:30:59+00:00,0.0005,5.0
110,base,50126264,1787041875,01a56783757c781b33cebc2fb058f7403f86a0e6a6094570b04c8eb1220cc455,125,391,0xb4cb800910b228ed3d0834cf79d697127bbb00e5,100,0xecec48ec5a7b7f7b96460b0f4e2b99cf0db94cb1,0xecec48ec5a7b7f7b96460b0f4e2b99cf0db94cb1,-103362577336279105,195989597,3449836089140975135424126,170020078104314033,-200846,0x4200000000000000000000000000000000000006,0x833589fcd6edb6e08f4c7c32d4f71b54bda02913,WETH,18,USDC,6,-0.1033625773362791,195.989597,1895.9974752116,-0.1033625773362791,195.989597,1896.1369003248517,1895.9974752116,195.989597,WETH_OUT,2026-08-18 08:31:15+00:00,0.0001,1.0
111,base,50126265,1787041877,1c36cb06fcf6765a8a3def41bbce66cba29d1dfee462a2ed033ff74d2b422aae,47,778,0xb4cb800910b228ed3d0834cf79d697127bbb00e5,100,0xc774f0643949d72bc72c470b382b68006a507c6f,0xc774f0643949d72bc72c470b382b68006a507c6f,-31615475984980369,59949343,3449864022320220467140599,170020078104314033,-200846,0x4200000000000000000000000000000000000006,0x833589fcd6edb6e08f4c7c32d4f71b54bda02913,WETH,18,USDC,6,-0.0316154759849803,59.949343,1896.0281789612088,-0.0316154759849803,59.949343,1896.202449347284,1896.0281789612088,59.949343,WETH_OUT,2026-08-18 08:31:17+00:00,0.0001,1.0
112,base,50126266,1787041879,df22ae8034d45e0128b2ad8ec31fa234dec3c1199a233b2653f692b4e4b50c71,11,12,0xb4cb800910b228ed3d0834cf79d697127bbb00e5,100,0x83d55acdc72027ed339d267eebaf9a41e47490d5,0x51c72848c68a965f66fa7a88855f9f7784502a7f,-145348392545879017,275622470,3449992447611652829653713,170020078104314033,-200845,0x4200000000000000000000000000000000000006,0x833589fcd6edb6e08f4c7c32d4f71b54bda02913,WETH,18,USDC,6,-0.145348392545879,275.62247,1896.1693453968264,-0.145348392545879,275.62247,1896.2883948854144,1896.1693453968264,275.62247,WETH_OUT,2026-08-18 08:31:19+00:00,0.0001,1.0
113,base,50126266,1787041879,8cf7e44721f69507a9961fa87950070b5032daba94f4b679290f7eab336e2405,111,491,0xb4cb800910b228ed3d0834cf79d697127bbb00e5,100,0x83d55acdc72027ed339d267eebaf9a41e47490d5,0x51c72848c68a965f66fa7a88855f9f7784502a7f,-135094049046357372,256195678,3450111821059852636945730,170020078104314033,-200844,0x4200000000000000000000000000000000000006,0x833589fcd6edb6e08f4c7c32d4f71b54bda02913,WETH,18,USDC,6,-0.1350940490463573,256.195678,1896.3005666632976,-0.1350940490463573,256.195678,1896.4246005542905,1896.3005666632976,256.195678,WETH_OUT,2026-08-18 08:31:19+00:00,0.0001,1.0
114,base,50126266,1787041879,709ef74658146388cb1dc8eade71e6c3db732eb3c5a14bf7db4d7752d8cb9d1b,138,611,0xb4cb800910b228ed3d0834cf79d697127bbb00e5,100,0x8f10b468b06c6fd214b65f87778827f7d113f996,0x8f10b468b06c6fd214b65f87778827f7d113f996,-1848259923801274,3505209,3450113454299069496084614,170020078104314033,-200844,0x4200000000000000000000000000000000000006,0x833589fcd6edb6e08f4c7c32d4f71b54bda02913,WETH,18,USDC,6,-0.0018482599238012,3.505209,1896.30236203304,-0.0018482599238012,3.505209,1896.491372702015,1896.30236203304,3.505209,WETH_OUT,2026-08-18 08:31:19+00:00,0.0001,1.0
115,base,50126267,1787041881,9acf4983f3abc39091718b716689bdc236d96d2f1df49cc827d7742c037e1a3c,85,316,0xb4cb800910b228ed3d0834cf79d697127bbb00e5,100,0x83d55acdc72027ed339d267eebaf9a41e47490d5,0x51c72848c68a965f66fa7a88855f9f7784502a7f,-135361997622753190,256721848,3450232950967359854894842,172353906769936338,-200843,0x4200000000000000000000000000000000000006,0x833589fcd6edb6e08f4c7c32d4f71b54bda02913,WETH,18,USDC,6,-0.1353619976227532,256.721848,1896.433723358734,-0.1353619976227532,256.721848,1896.557767383652,1896.433723358734,256.721848,WETH_OUT,2026-08-18 08:31:21+00:00,0.0001,1.0
116,base,50126268,1787041883,ea2f8dc788551221e2ed51c7a7ea01703b922511ee095c98d86bd1c3610b53e2,126,703,0xb4cb800910b228ed3d0834cf79d697127bbb00e5,100,0xfdf682f51fe81aa4898f0ae2163d8a55c127fbc7,0x24ea6d5c9276385d51d5c60690f328a2eab25fd4,64322323715342196,-121968823,3450176236298339545474241,170020078104314033,-200844,0x4200000000000000000000000000000000000006,0x833589fcd6edb6e08f4c7c32d4f71b54bda02913,WETH,18,USDC,6,0.0643223237153421,-121.968823,1896.371377002142,0.0643223237153421,-121.968823,1896.212946842092,1896.371377002142,121.968823,WETH_IN,2026-08-18 08:31:23+00:00,0.0001,1.0
117,base,50126270,1787041887,b5e19ab841ed10eb0a140fa7d95be8da601e0cb8ef20513f86081bad28137099,88,646,0xb4cb800910b228ed3d0834cf79d697127bbb00e5,100,0x2626664c2603336e57b271c5c0b26f421741e481,0x2626664c2603336e57b271c5c0b26f421741e481,-639815500211952,1213450,3450176801700667546570223,170020078104314033,-200844,0x4200000000000000000000000000000000000006,0x833589fcd6edb6e08f4c7c32d4f71b54bda02913,WETH,18,USDC,6,-0.0006398155002119,1.21345,1896.3719985430755,-0.0006398155002119,1.21345,1896.5623677419812,1896.3719985430755,1.21345,WETH_OUT,2026-08-18 08:31:27+00:00,0.0001,1.0
9923,base,50126272,1787041891,add0955a75bed5cde54da68407f85f533aa62ad9fdf5cfe72700ee31566e3487,1,4,0x6c561b446416e1a00e8e93e221854d6ea4171372,3000,0x2626664c2603336e57b271c5c0b26f421741e481,0xd0a40c6526acdebd4f6d87931098ff37a9f8e4bf,247500000000000000,-468299393,3451486099764935533117011,32494441286276453811,-200836,0x4200000000000000000000000000000000000006,0x833589fcd6edb6e08f4c7c32d4f71b54bda02913,WETH,18,USDC,6,0.2475,-468.299393,1897.8115695836689,0.2475,-468.299393,1892.1187595959595,1897.8115695836689,468.299393,WETH_IN,2026-08-18 08:31:31+00:00,0.003,30.0
118,base,50126273,1787041893,6f01ef9e1208768aba3ebe398a9e152a893b38ad783b1d31f517f2da13fb5aac,17,17,0xb4cb800910b228ed3d0834cf79d697127bbb00e5,100,0x83d55acdc72027ed339d267eebaf9a41e47490d5,0x51c72848c68a965f66fa7a88855f9f7784502a7f,-218021460709306018,413514057,3450367508094382814823830,172353906769936338,-200843,0x4200000000000000000000000000000000000006,0x833589fcd6edb6e08f4c7c32d4f71b54bda02913,WETH,18,USDC,6,-0.218021460709306,413.514057,1896.5816459210323,-0.218021460709306,413.514057,1896.666757734229,1896.5816459210323,413.514057,WETH_OUT,2026-08-18 08:31:33+00:00,0.0001,1.0
9924,base,50126274,1787041895,6b2b99779a00aa8cacfa7db64c60b9f446a6f6312e41a3b4e6d7057cde999b47,68,891,0x6c561b446416e1a00e8e93e221854d6ea4171372,3000,0xa9595ef01554ff0de2ba6b5dc23e05a670c371f3,0xa9595ef01554ff0de2ba6b5dc23e05a670c371f3,-94559337779498150,179995816,3451486537315326987935208,32494441286276453811,-200836,0x4200000000000000000000000000000000000006,0x833589fcd6edb6e08f4c7c32d4f71b54bda02913,WETH,18,USDC,6,-0.0945593377794981,179.995816,1897.812050760891,-0.0945593377794981,179.995816,1903.522383159347,1897.812050760891,179.995816,WETH_OUT,2026-08-18 08:31:35+00:00,0.003,30.0
119,base,50126275,1787041897,2ce9ba1e518f32163a2b091f86bfe8d187386a0f50beff07fdfa77a5384ae0b3,101,360,0xb4cb800910b228ed3d0834cf79d697127bbb00e5,100,0x83d55acdc72027ed339d267eebaf9a41e47490d5,0x51c72848c68a965f66fa7a88855f9f7784502a7f,-137598323807627316,261001630,3450487474110885463218226,172353906769936338,-200842,0x4200000000000000000000000000000000000006,0x833589fcd6edb6e08f4c7c32d4f71b54bda02913,WETH,18,USDC,6,-0.1375983238076273,261.00163,1896.713532915632,-0.1375983238076273,261.00163,1896.837278082687,1896.713532915632,261.00163,WETH_OUT,2026-08-18 08:31:37+00:00,0.0001,1.0
120,base,50126276,1787041899,32c6d09491957e37f3bb1d099af3d6a5a3b0a76cc3d5c70778cfe45aaf9381f7,118,699,0xb4cb800910b228ed3d0834cf79d697127bbb00e5,100,0x83d55acdc72027ed339d267eebaf9a41e47490d5,0x51c72848c68a965f66fa7a88855f9f7784502a7f,-137682454342411580,261179378,3450607521827309022711539,172353906769936338,-200841,0x4200000000000000000000000000000000000006,0x833589fcd6edb6e08f4c7c32d4f71b54bda02913,WETH,18,USDC,6,-0.1376824543424115,261.179378,1896.8455143188355,-0.1376824543424115,261.179378,1896.969219843044,1896.8455143188355,261.179378,WETH_OUT,2026-08-18 08:31:39+00:00,0.0001,1.0
121,base,50126281,1787041909,4422711ee8fc72ccae88adec06c3dd7a8d5ea1261b67f5d6df6d3f29965a606b,98,369,0xb4cb800910b228ed3d0834cf79d697127bbb00e5,100,0x37903bfc76aaaabccb71425bd6767fcd70ad67b1,0xf39b8ad8b194a56291d55b3a4c690b2557b5b8c9,19916004759441663,-37773616,3450590157937630223759076,172353906769936338,-200841,0x4200000000000000000000000000000000000006,0x833589fcd6edb6e08f4c7c32d4f71b54bda02913,WETH,18,USDC,6,0.0199160047594416,-37.773616,1896.826424037968,0.0199160047594416,-37.773616,1896.646262955551,1896.826424037968,37.773616,WETH_IN,2026-08-18 08:31:49+00:00,0.0001,1.0
9925,base,50126284,1787041915,c493d622f7c3b15e41fdcb27453f57fc4aee62ed660b1e79fd2c614eeff3731e,54,205,0x6c561b446416e1a00e8e93e221854d6ea4171372,3000,0x2626664c2603336e57b271c5c0b26f421741e481,0xd0a40c6526acdebd4f6d87931098ff37a9f8e4bf,89100000000000000,-168587748,3451486126263559175861794,32494441286276453811,-200836,0x4200000000000000000000000000000000000006,0x833589fcd6edb6e08f4c7c32d4f71b54bda02913,WETH,18,USDC,6,0.0891,-168.587748,1897.8115987243884,0.0891,-168.587748,1892.118383838384,1897.8115987243884,168.587748,WETH_IN,2026-08-18 08:31:55+00:00,0.003,30.0
122,base,50126286,1787041919,3ec6d67f6faa903fbbbec3a55b6e049f6c9158912bed9a884b8b504a4c460eab,32,118,0xb4cb800910b228ed3d0834cf79d697127bbb00e5,100,0x8e911b2f7462a788ac5e67f07443e5cc3debafd6,0x8e911b2f7462a788ac5e67f07443e5cc3debafd6,6585460000000000,-12490204,3450584416402788377716046,172353906769936338,-200841,0x4200000000000000000000000000000000000006,0x833589fcd6edb6e08f4c7c32d4f71b54bda02913,WETH,18,USDC,6,0.00658546,-12.490204,1896.8201116766368,0.00658546,-12.490204,1896.6334925730323,1896.8201116766368,12.490204,WETH_IN,2026-08-18 08:31:59+00:00,0.0001,1.0
9926,base,50126286,1787041919,0cb3b284a8725bcb2eb3bd711534fc588857b75e2771cf55c60983206c62a0df,112,403,0x6c561b446416e1a00e8e93e221854d6ea4171372,3000,0x00000000e91fc5bad977c0cc4ad60557c06886a2,0x00000000e91fc5bad977c0cc4ad60557c06886a2,-15667247157437277,29822953,3451486198759937301377860,32494441286276453811,-200836,0x4200000000000000000000000000000000000006,0x833589fcd6edb6e08f4c7c32d4f71b54bda02913,WETH,18,USDC,6,-0.0156672471574372,29.822953,1897.8116784491583,-0.0156672471574372,29.822953,1903.5222142291268,1897.8116784491583,29.822953,WETH_OUT,2026-08-18 08:31:59+00:00,0.003,30.0
123,base,50126288,1787041923,9740a6cea482078c07baeb2d3ad7d15c78e72e986f645c407589528e9abaeb47,91,345,0xb4cb800910b228ed3d0834cf79d697127bbb00e5,100,0x83d55acdc72027ed339d267eebaf9a41e47490d5,0x51c72848c68a965f66fa7a88855f9f7784502a7f,-132790664907365156,251913648,3450700205246229413997939,172353906769936338,-200841,0x4200000000000000000000000000000000000006,0x833589fcd6edb6e08f4c7c32d4f71b54bda02913,WETH,18,USDC,6,-0.1327906649073651,251.913648,1896.94741433928,-0.1327906649073651,251.913648,1897.0734740709,1896.94741433928,251.913648,WETH_OUT,2026-08-18 08:32:03+00:00,0.0001,1.0
124,base,50126290,1787041927,8341465aa5bad066140a26a621b32b5b6804083211bd6f88e27ec5d2af2e0516,105,868,0xb4cb800910b228ed3d0834cf79d697127bbb00e5,100,0x37903bfc76aaaabccb71425bd6767fcd70ad67b1,0x6b0f53cbd9272d8117e9535fe25371dedf39a1be,5196808894003525,-9857074,3450695674116587110722942,172353906769936338,-200841,0x4200000000000000000000000000000000000006,0x833589fcd6edb6e08f4c7c32d4f71b54bda02913,WETH,18,USDC,6,0.0051968088940035,-9.857074,1896.942432562536,0.0051968088940035,-9.857074,1896.7551435985736,1896.942432562536,9.857074,WETH_IN,2026-08-18 08:32:07+00:00,0.0001,1.0
125,base,50126291,1787041929,d9c1dbe04b24395765f1a369b85503a9a3c54ca9d4576e00a4c388091751264c,50,185,0xb4cb800910b228ed3d0834cf79d697127bbb00e5,100,0x2626664c2603336e57b271c5c0b26f421741e481,0x2626664c2603336e57b271c5c0b26f421741e481,-620434123499829,1177046,3450696215130391782152382,172353906769936338,-200841,0x4200000000000000000000000000000000000006,0x833589fcd6edb6e08f4c7c32d4f71b54bda02913,WETH,18,USDC,6,-0.0006204341234998,1.177046,1896.9430273829548,-0.0006204341234998,1.177046,1897.132919382898,1896.9430273829548,1.177046,WETH_OUT,2026-08-18 08:32:09+00:00,0.0001,1.0
126,base,50126291,1787041929,4c1bb60dce9e2d0e32f3820ce3200863baeb2776907ca8831f1e67cfff65f993,87,339,0xb4cb800910b228ed3d0834cf79d697127bbb00e5,100,0xdf0ff70b124c3e3d9027d8f83c9cc708ff1354ef,0xdf0ff70b124c3e3d9027d8f83c9cc708ff1354ef,-1019354547813763,1933852,3450697104000120018159095,172353906769936338,-200841,0x4200000000000000000000000000000000000006,0x833589fcd6edb6e08f4c7c32d4f71b54bda02913,WETH,18,USDC,6,-0.0010193545478137,1.933852,1896.9440046555665,-0.0010193545478137,1.933852,1897.133832529206,1896.9440046555665,1.933852,WETH_OUT,2026-08-18 08:32:09+00:00,0.0001,1.0
127,base,50126292,1787041931,e50e1ce59d969e56d532aff8cf43df78de6658a0b263ba913255c8167b73e304,62,250,0xb4cb800910b228ed3d0834cf79d697127bbb00e5,100,0x411d2c093e4c2e69bf0d8e94be1bf13dadd879c6,0xc8f6b8ba0dc0f175b568b99440b0867f69a29265,38057954527041509,-72185895,3450663921370624931735910,172353906769936338,-200841,0x4200000000000000000000000000000000000006,0x833589fcd6edb6e08f4c7c32d4f71b54bda02913,WETH,18,USDC,6,0.0380579545270415,-72.185895,1896.90752200552,0.0380579545270415,-72.185895,1896.7360673235708,1896.90752200552,72.185895,WETH_IN,2026-08-18 08:32:11+00:00,0.0001,1.0
128,base,50126293,1787041933,3018ff28b8a6ce17fee9d552abf504eda2534f189eee232e6d27847db340db31,16,27,0xb4cb800910b228ed3d0834cf79d697127bbb00e5,100,0x83d55acdc72027ed339d267eebaf9a41e47490d5,0x51c72848c68a965f66fa7a88855f9f7784502a7f,-141144534747839504,267774457,3450786984321816663732299,172415096172701489,-200840,0x4200000000000000000000000000000000000006,0x833589fcd6edb6e08f4c7c32d4f71b54bda02913,WETH,18,USDC,6,-0.1411445347478395,267.774457,1897.0428253591635,-0.1411445347478395,267.774457,1897.1648989342027,1897.0428253591635,267.774457,WETH_OUT,2026-08-18 08:32:13+00:00,0.0001,1.0
129,base,50126293,1787041933,dfedc46d5f3202eb727918c055f51176b7f558d9a8d757fd3a63ed49b451176c,35,164,0xb4cb800910b228ed3d0834cf79d697127bbb00e5,100,0x2626664c2603336e57b271c5c0b26f421741e481,0x2626664c2603336e57b271c5c0b26f421741e481,-601789169536550,1141735,3450787508918890222394223,172415096172701489,-200840,0x4200000000000000000000000000000000000006,0x833589fcd6edb6e08f4c7c32d4f71b54bda02913,WETH,18,USDC,6,-0.0006017891695365,1.141735,1897.043402145384,-0.0006017891695365,1.141735,1897.2342105778887,1897.043402145384,1.141735,WETH_OUT,2026-08-18 08:32:13+00:00,0.0001,1.0
130,base,50126295,1787041937,34c819e950ee62cc33822b41541f7d89ed822c98e500cb08e76c88ee4bb16c0f,22,147,0xb4cb800910b228ed3d0834cf79d697127bbb00e5,100,0x7747f8d2a76bd6345cc29622a946a929647f2359,0x7747f8d2a76bd6345cc29622a946a929647f2359,262707526174,-498,3450787508689903318361835,172415096172701489,-200840,0x4200000000000000000000000000000000000006,0x833589fcd6edb6e08f4c7c32d4f71b54bda02913,WETH,18,USDC,6,2.62707526174e-07,-0.000498,1897.043401893616,2.62707526174e-07,-0.000498,1895.644206516405,1897.043401893616,0.000498,WETH_IN,2026-08-18 08:32:17+00:00,0.0001,1.0
131,base,50126297,1787041941,b2d632feff67a8254a05c601458cddb76eefb5ddd74a7db3113dbbe59dbd3ccf,54,237,0xb4cb800910b228ed3d0834cf79d697127bbb00e5,100,0x2626664c2603336e57b271c5c0b26f421741e481,0x3a872cfac12de8dbdd4ad37fbd3b251c2c7c0aaf,3686011693,-6,3450787508686690435891912,172415096172701489,-200840,0x4200000000000000000000000000000000000006,0x833589fcd6edb6e08f4c7c32d4f71b54bda02913,WETH,18,USDC,6,3.686011693e-09,-6e-06,1897.0434018900835,3.686011693e-09,-6e-06,1627.7756284372156,1897.0434018900835,6e-06,WETH_IN,2026-08-18 08:32:21+00:00,0.0001,1.0
132,base,50126299,1787041945,f73878b2daabdfdb2d8cc05f225c168cf0785527c8d7110c9e5621f9dfba1159,38,190,0xb4cb800910b228ed3d0834cf79d697127bbb00e5,100,0x7c137a37742437d2212b7bd873ed135b5c4c61da,0x7c137a37742437d2212b7bd873ed135b5c4c61da,13568868143634,-25738,3450787496859495601284412,172415096172701489,-200840,0x4200000000000000000000000000000000000006,0x833589fcd6edb6e08f4c7c32d4f71b54bda02913,WETH,18,USDC,6,1.3568868143634e-05,-0.025738,1897.0433888862683,1.3568868143634e-05,-0.025738,1896.8420746335648,1897.0433888862683,0.025738,WETH_IN,2026-08-18 08:32:25+00:00,0.0001,1.0
133,base,50126300,1787041947,4c54754691985265944dad1dd91038b762f2c7a48980dd4d1a14b7f5ec72314b,18,74,0xb4cb800910b228ed3d0834cf79d697127bbb00e5,100,0x2626664c2603336e57b271c5c0b26f421741e481,0xb4acbc082b5e7ded571c98ee4257778a9d784b36,4283791699932352,-8125717,3450783762930951700006103,172415096172701489,-200840,0x4200000000000000000000000000000000000006,0x833589fcd6edb6e08f4c7c32d4f71b54bda02913,WETH,18,USDC,6,0.0042837916999323,-8.125717,1897.0392834925672,0.0042837916999323,-8.125717,1896.8515672992032,1897.0392834925672,8.125717,WETH_IN,2026-08-18 08:32:27+00:00,0.0001,1.0
6934,base,50126304,1787041955,71df81c8730f30e23415ed3f3e90f79ca55f2e29d89d86e726399787c010e838,137,548,0xd0b53d9277642d899df5c87a3966a349a798f224,500,0x2626664c2603336e57b271c5c0b26f421741e481,0xf5f3ef3787a1c068c8cafef35f07fa784977bea1,31987041493518736,-60628000,3450146171985857512988647,1097704048242966343,-200844,0x4200000000000000000000000000000000000006,0x833589fcd6edb6e08f4c7c32d4f71b54bda02913,WETH,18,USDC,6,0.0319870414935187,-60.628,1896.338327760971,0.0319870414935187,-60.628,1895.3925455183012,1896.338327760971,60.628,WETH_IN,2026-08-18 08:32:35+00:00,0.0005,5.0
134,base,50126305,1787041957,0124434ef27d2c22e8d0a656d679bfc604f7a19f5555af667c1be1199315dc7c,17,51,0xb4cb800910b228ed3d0834cf79d697127bbb00e5,100,0x2626664c2603336e57b271c5c0b26f421741e481,0xcb3d2a42022741b06f9b38459e3dd1ee9a64d129,51796850477100,-98250,3450783717782741837615017,172415096172701489,-200840,0x4200000000000000000000000000000000000006,0x833589fcd6edb6e08f4c7c32d4f71b54bda02913,WETH,18,USDC,6,5.17968504771e-05,-0.09825,1897.039233852872,5.17968504771e-05,-0.09825,1896.8334772292285,1897.039233852872,0.09825,WETH_IN,2026-08-18 08:32:37+00:00,0.0001,1.0
6935,base,50126306,1787041959,2f794f2b5a958abefc3836c1839f1dede32b14d57b1c08f57c5195ea6496d1b7,6,11,0xd0b53d9277642d899df5c87a3966a349a798f224,500,0x83d55acdc72027ed339d267eebaf9a41e47490d5,0x51c72848c68a965f66fa7a88855f9f7784502a7f,-690956589689630330,1310978871,3450240746214623707675266,1097704048242966343,-200843,0x4200000000000000000000000000000000000006,0x833589fcd6edb6e08f4c7c32d4f71b54bda02913,WETH,18,USDC,6,-0.6909565896896304,1310.978871,1896.4422927432968,-0.6909565896896304,1310.978871,1897.3389798465869,1896.4422927432968,1310.978871,WETH_OUT,2026-08-18 08:32:39+00:00,0.0005,5.0
135,base,50126306,1787041959,6b95024094efc162a646926b6308a53ffa87f7bbc73b0737d7b231d542e506b5,14,26,0xb4cb800910b228ed3d0834cf79d697127bbb00e5,100,0x83d55acdc72027ed339d267eebaf9a41e47490d5,0x51c72848c68a965f66fa7a88855f9f7784502a7f,-174599470212514965,331269782,3450935927607261695468039,172415096172701489,-200839,0x4200000000000000000000000000000000000006,0x833589fcd6edb6e08f4c7c32d4f71b54bda02913,WETH,18,USDC,6,-0.1745994702125149,331.269782,1897.206589677326,-0.1745994702125149,331.269782,1897.312641308663,1897.206589677326,331.269782,WETH_OUT,2026-08-18 08:32:39+00:00,0.0001,1.0
9927,base,50126307,1787041961,4f0d377463019fc2a5ad3251aa2fe3d156114c5105399e36c88f0f4f578f2c2c,73,220,0x6c561b446416e1a00e8e93e221854d6ea4171372,3000,0x2626664c2603336e57b271c5c0b26f421741e481,0xd0a40c6526acdebd4f6d87931098ff37a9f8e4bf,-857162497524488,1631628,3451486202726248503833805,32494441286279350241,-200836,0x4200000000000000000000000000000000000006,0x833589fcd6edb6e08f4c7c32d4f71b54bda02913,WETH,18,USDC,6,-0.0008571624975244,1.631628,1897.811682810938,-0.0008571624975244,1.631628,1903.522383109612,1897.811682810938,1.631628,WETH_OUT,2026-08-18 08:32:41+00:00,0.003,30.0
6936,base,50126309,1787041965,4581fc68a7a259600562f5f574656676005ff0fe8fe9d78d55863cbff3e374a7,42,188,0xd0b53d9277642d899df5c87a3966a349a798f224,500,0x83d55acdc72027ed339d267eebaf9a41e47490d5,0x51c72848c68a965f66fa7a88855f9f7784502a7f,-173148255367238312,328532197,3450264446580641447080331,1097704048242966343,-200843,0x4200000000000000000000000000000000000006,0x833589fcd6edb6e08f4c7c32d4f71b54bda02913,WETH,18,USDC,6,-0.1731482553672383,328.532197,1896.468346885108,-0.1731482553672383,328.532197,1897.4040269894756,1896.468346885108,328.532197,WETH_OUT,2026-08-18 08:32:45+00:00,0.0005,5.0
6937,base,50126311,1787041969,b0b7e88e021e42cc3c4aa1b2581a49124a3131d24230571285b28f25698dccbd,61,231,0xd0b53d9277642d899df5c87a3966a349a798f224,500,0x83d55acdc72027ed339d267eebaf9a41e47490d5,0x51c72848c68a965f66fa7a88855f9f7784502a7f,-565008246985604900,1072080316,3450341786628805447772906,1097704048242966343,-200843,0x4200000000000000000000000000000000000006,0x833589fcd6edb6e08f4c7c32d4f71b54bda02913,WETH,18,USDC,6,-0.5650082469856049,1072.080316,1896.5533691200396,-0.5650082469856049,1072.080316,1897.4595888107704,1896.5533691200396,1072.080316,WETH_OUT,2026-08-18 08:32:49+00:00,0.0005,5.0
136,base,50126311,1787041969,54d8b6dccb0c320e8b5578ff079907107834777a10d48ac88656d05993ab03d2,74,283,0xb4cb800910b228ed3d0834cf79d697127bbb00e5,100,0x83d55acdc72027ed339d267eebaf9a41e47490d5,0x51c72848c68a965f66fa7a88855f9f7784502a7f,-137182226963707748,260298075,3451055527783446527869862,172415096172701489,-200839,0x4200000000000000000000000000000000000006,0x833589fcd6edb6e08f4c7c32d4f71b54bda02913,WETH,18,USDC,6,-0.1371822269637077,260.298075,1897.3380961318796,-0.1371822269637077,260.298075,1897.4620893773883,1897.3380961318796,260.298075,WETH_OUT,2026-08-18 08:32:49+00:00,0.0001,1.0
6938,base,50126311,1787041969,631298501dc9bbc75abcd51f28dd75cc63097fc5d21ae491bc5952c47656f374,145,578,0xd0b53d9277642d899df5c87a3966a349a798f224,500,0x83d55acdc72027ed339d267eebaf9a41e47490d5,0x51c72848c68a965f66fa7a88855f9f7784502a7f,-1025440122620984080,1945853969,3450482160850357358778977,1097704048242966343,-200842,0x4200000000000000000000000000000000000006,0x833589fcd6edb6e08f4c7c32d4f71b54bda02913,WETH,18,USDC,6,-1.0254401226209842,1945.853969,1896.7076915813489,-1.0254401226209842,1945.853969,1897.5793184554495,1896.7076915813489,1945.853969,WETH_OUT,2026-08-18 08:32:49+00:00,0.0005,5.0
6939,base,50126311,1787041969,d0bb0c9078465d2295a3cb8a305f3b148298b1379f00cb982134bc0996875c08,151,593,0xd0b53d9277642d899df5c87a3966a349a798f224,500,0xc174cfd48383e7041d0224b004192cbcca3eeb7b,0x01989c93890aed05a63d179b03424997075b6acf,-61160141321509285,116061223,3450490533525814300000000,1097704048242966343,-200842,0x4200000000000000000000000000000000000006,0x833589fcd6edb6e08f4c7c32d4f71b54bda02913,WETH,18,USDC,6,-0.0611601413215092,116.061223,1896.716896403438,-0.0611601413215092,116.061223,1897.661131779999,1896.716896403438,116.061223,WETH_OUT,2026-08-18 08:32:49+00:00,0.0005,5.0
137,base,50126311,1787041969,ff193469b38bad1af2ece3482de1e7ca45692feb8c70d90144b007ccf3ddb3a3,164,615,0xb4cb800910b228ed3d0834cf79d697127bbb00e5,100,0x0b0b18effe597714da672faf5c5f8736532c0a7e,0x0f0067cd819cb8f20bda62046daff7a2b5c88280,-148551184108736927,281890589,3451185049156286548119407,172415096172701489,-200838,0x4200000000000000000000000000000000000006,0x833589fcd6edb6e08f4c7c32d4f71b54bda02913,WETH,18,USDC,6,-0.1485511841087369,281.890589,1897.4805165852804,-0.1485511841087369,281.890589,1897.599071264628,1897.4805165852804,281.890589,WETH_OUT,2026-08-18 08:32:49+00:00,0.0001,1.0
6940,base,50126312,1787041971,9bc4fe82be1148820c61d03c4aa9aedf517fb6c0ce5b3eddc5b2aeeaa170decd,53,194,0xd0b53d9277642d899df5c87a3966a349a798f224,500,0x2626664c2603336e57b271c5c0b26f421741e481,0x2626664c2603336e57b271c5c0b26f421741e481,-47943386385210586,90980695,3450497096887890181772067,1097704048242966343,-200842,0x4200000000000000000000000000000000000006,0x833589fcd6edb6e08f4c7c32d4f71b54bda02913,WETH,18,USDC,6,-0.0479433863852105,90.980695,1896.7241121030404,-0.0479433863852105,90.980695,1897.669352535878,1896.7241121030404,90.980695,WETH_OUT,2026-08-18 08:32:51+00:00,0.0005,5.0
138,base,50126312,1787041971,3f3e2efae2d640d996a1d9d6d49cc71b8008aee71d1662c25a46578fb9cf5785,103,575,0xb4cb800910b228ed3d0834cf79d697127bbb00e5,100,0x6b6e87d2cc438c287a5550a8732c302454e4382b,0x6b6e87d2cc438c287a5550a8732c302454e4382b,6355322275768528,-12057874,3451179508323172590049823,172415096172701489,-200838,0x4200000000000000000000000000000000000006,0x833589fcd6edb6e08f4c7c32d4f71b54bda02913,WETH,18,USDC,6,0.0063553222757685,-12.057874,1897.4744238291464,0.0063553222757685,-12.057874,1897.287576740848,1897.4744238291464,12.057874,WETH_IN,2026-08-18 08:32:51+00:00,0.0001,1.0
139,base,50126312,1787041971,48fbd95d99555d9d07bc6dac373c05f584e4d87e33f21621897fb42e4589703e,118,645,0xb4cb800910b228ed3d0834cf79d697127bbb00e5,100,0x8407699e359ae158bd7ec0668600cc19a79f17c3,0x498581ff718922c3f8e6a244956af099b2652b2b,132934247594618608,-252205641,3451063614819733600337139,172415096172701489,-200839,0x4200000000000000000000000000000000000006,0x833589fcd6edb6e08f4c7c32d4f71b54bda02913,WETH,18,USDC,6,0.1329342475946186,-252.205641,1897.3469884025992,0.1329342475946186,-252.205641,1897.22096121609,1897.3469884025992,252.205641,WETH_IN,2026-08-18 08:32:51+00:00,0.0001,1.0
140,base,50126312,1787041971,72c7075d2dc807a1a6bf3634141df9b2929be5d4c963d71a65aae50d9056b45d,130,681,0xb4cb800910b228ed3d0834cf79d697127bbb00e5,100,0x83d55acdc72027ed339d267eebaf9a41e47490d5,0x51c72848c68a965f66fa7a88855f9f7784502a7f,-142795661123773875,270969789,3451188118370236662548521,172415096172701489,-200838,0x4200000000000000000000000000000000000006,0x833589fcd6edb6e08f4c7c32d4f71b54bda02913,WETH,18,USDC,6,-0.1427956611237738,270.969789,1897.4838915281928,-0.1427956611237738,270.969789,1897.605199398363,1897.4838915281928,270.969789,WETH_OUT,2026-08-18 08:32:51+00:00,0.0001,1.0
141,base,50126313,1787041973,391cd7eb405f790eb02c45c62570e9f1ad5f8e195ee755d04f340792db48f896,20,29,0xb4cb800910b228ed3d0834cf79d697127bbb00e5,100,0xfdf682f51fe81aa4898f0ae2163d8a55c127fbc7,0x8e275d37667aae92b628abba596f149c924a5509,90000000000000000,-170752590,3451109654162037673783805,172415096172701489,-200838,0x4200000000000000000000000000000000000006,0x833589fcd6edb6e08f4c7c32d4f71b54bda02913,WETH,18,USDC,6,0.09,-170.75259,1897.3976123260543,0.09,-170.75259,1897.251,1897.3976123260543,170.75259,WETH_IN,2026-08-18 08:32:53+00:00,0.0001,1.0
6941,base,50126313,1787041973,62febf8f11b8b0861eab45a2ff4392bd12021180f5c322f25602deca837defeb,129,563,0xd0b53d9277642d899df5c87a3966a349a798f224,500,0xc174cfd48383e7041d0224b004192cbcca3eeb7b,0x01989c93890aed05a63d179b03424997075b6acf,-1684854620864624603,3197516780,3450727766267998005853213,1097704048242966343,-200841,0x4200000000000000000000000000000000000006,0x833589fcd6edb6e08f4c7c32d4f71b54bda02913,WETH,18,USDC,6,-1.684854620864625,3197.51678,1896.9777166052893,-1.684854620864625,3197.51678,1897.799810383115,1896.9777166052893,3197.51678,WETH_OUT,2026-08-18 08:32:53+00:00,0.0005,5.0
142,base,50126313,1787041973,cc93b856045d67578e9b80f0893954e613e67c31cdb5d6da70af608cf2f29c23,144,594,0xb4cb800910b228ed3d0834cf79d697127bbb00e5,100,0x83d55acdc72027ed339d267eebaf9a41e47490d5,0x51c72848c68a965f66fa7a88855f9f7784502a7f,-335588320517183572,636862155,3451402275711028966176800,172415096172701489,-200837,0x4200000000000000000000000000000000000006,0x833589fcd6edb6e08f4c7c32d4f71b54bda02913,WETH,18,USDC,6,-0.3355883205171835,636.862155,1897.7193888111256,-0.3355883205171835,636.862155,1897.7482709127532,1897.7193888111256,636.862155,WETH_OUT,2026-08-18 08:32:53+00:00,0.0001,1.0
9928,base,50126314,1787041975,d9ecfb3ee84fabf259ce4cea43b884d41889735b88965444efae924aff12151d,56,227,0x6c561b446416e1a00e8e93e221854d6ea4171372,3000,0x2626664c2603336e57b271c5c0b26f421741e481,0xd0a40c6526acdebd4f6d87931098ff37a9f8e4bf,-15880905166352384,30229657,3451486276211280410644118,32494441286279350241,-200836,0x4200000000000000000000000000000000000006,0x833589fcd6edb6e08f4c7c32d4f71b54bda02913,WETH,18,USDC,6,-0.0158809051663523,30.229657,1897.81176362294,-0.0158809051663523,30.229657,1903.5222919187872,1897.81176362294,30.229657,WETH_OUT,2026-08-18 08:32:55+00:00,0.003,30.0
6942,base,50126314,1787041975,f577c4eb26bbb46a8fc027d22ad5c3df9e36ac1a1b74035ef0fb70c2651d1f44,107,433,0xd0b53d9277642d899df5c87a3966a349a798f224,500,0xe0ad338b10ae571a9bec59c56a34a44e505c661f,0x637ad8d2611d3efe2ef41fdbb40b9f21abaf9585,45260023829356208,-85814173,3450721572522666937815203,1097704048242966343,-200841,0x4200000000000000000000000000000000000006,0x833589fcd6edb6e08f4c7c32d4f71b54bda02913,WETH,18,USDC,6,0.0452600238293562,-85.814173,1896.9709068033428,0.0452600238293562,-85.814173,1896.0258024508569,1896.9709068033428,85.814173,WETH_IN,2026-08-18 08:32:55+00:00,0.0005,5.0
9929,base,50126314,1787041975,a8e8e0b1147dbf04fefaab6f80d073b254440ae843b64397d09e0b088227f6bb,114,447,0x6c561b446416e1a00e8e93e221854d6ea4171372,3000,0xcdbdc59a5eeb54027f8b45b118e3cd1f675d79c5,0xcdbdc59a5eeb54027f8b45b118e3cd1f675d79c5,1494487228592792,-2827746,3451486269316649700494605,32494441286279350241,-200836,0x4200000000000000000000000000000000000006,0x833589fcd6edb6e08f4c7c32d4f71b54bda02913,WETH,18,USDC,6,0.0014944872285927,-2.827746,1897.811756040866,0.0014944872285927,-2.827746,1892.1178755489289,1897.811756040866,2.827746,WETH_IN,2026-08-18 08:32:55+00:00,0.003,30.0
9930,base,50126314,1787041975,a8e8e0b1147dbf04fefaab6f80d073b254440ae843b64397d09e0b088227f6bb,114,451,0x6c561b446416e1a00e8e93e221854d6ea4171372,3000,0xcdbdc59a5eeb54027f8b45b118e3cd1f675d79c5,0xcdbdc59a5eeb54027f8b45b118e3cd1f675d79c5,-1027499167812,1956,3451486269321404203443023,32494441286279350241,-200836,0x4200000000000000000000000000000000000006,0x833589fcd6edb6e08f4c7c32d4f71b54bda02913,WETH,18,USDC,6,-1.027499167812e-06,0.001956,1897.8117560460944,-1.027499167812e-06,0.001956,1903.6511768327643,1897.8117560460944,0.001956,WETH_OUT,2026-08-18 08:32:55+00:00,0.003,30.0
9931,base,50126314,1787041975,06447fbb2de1e37ba0aae86627fa74473357db0cc284c23ea10c961907534f9a,149,565,0x6c561b446416e1a00e8e93e221854d6ea4171372,3000,0x2626664c2603336e57b271c5c0b26f421741e481,0xd0a40c6526acdebd4f6d87931098ff37a9f8e4bf,9900000000000000,-18731971,3451486223648987815268802,32494441286279350241,-200836,0x4200000000000000000000000000000000000006,0x833589fcd6edb6e08f4c7c32d4f71b54bda02913,WETH,18,USDC,6,0.0099,-18.731971,1897.81170581982,0.0099,-18.731971,1892.1182828282829,1897.81170581982,18.731971,WETH_IN,2026-08-18 08:32:55+00:00,0.003,30.0
143,base,50126315,1787041977,456a4be581576da7c8ebd045e5409914ed7b47f663d9f85e0cf0287af83ebd29,94,302,0xb4cb800910b228ed3d0834cf79d697127bbb00e5,100,0x5692193a40e908d94bddbc988356cd7f1679eab4,0x9a972d8c3a8dd27e5811cbcb75ebdac924fb53a1,1588531581235597,-3014284,3451400890587402531862972,172415096172701489,-200837,0x4200000000000000000000000000000000000006,0x833589fcd6edb6e08f4c7c32d4f71b54bda02913,WETH,18,USDC,6,0.0015885315812355,-3.014284,1897.717865618392,0.0015885315812355,-3.014284,1897.5285323917951,1897.717865618392,3.014284,WETH_IN,2026-08-18 08:32:57+00:00,0.0001,1.0
144,base,50126317,1787041981,0a1eec87454b1aa459284ddae800c6a135a565c7d001739a2610fa25313ad29a,17,77,0xb4cb800910b228ed3d0834cf79d697127bbb00e5,100,0x5692193a40e908d94bddbc988356cd7f1679eab4,0x9a972d8c3a8dd27e5811cbcb75ebdac924fb53a1,663215826028094,-1258470,3451400312295224825644353,172415096172701489,-200837,0x4200000000000000000000000000000000000006,0x833589fcd6edb6e08f4c7c32d4f71b54bda02913,WETH,18,USDC,6,0.000663215826028,-1.25847,1897.7172296822373,0.000663215826028,-1.25847,1897.5270954205048,1897.7172296822373,1.25847,WETH_IN,2026-08-18 08:33:01+00:00,0.0001,1.0
145,base,50126317,1787041981,46ef99ccc71ca5c3a0ccec7cc76d4adcce518d53b6a0350d24b4fc43338a5b59,165,1006,0xb4cb800910b228ed3d0834cf79d697127bbb00e5,100,0x83d55acdc72027ed339d267eebaf9a41e47490d5,0x51c72848c68a965f66fa7a88855f9f7784502a7f,132629928102752224,-251660497,3451284669296052019403848,172415096172701489,-200837,0x4200000000000000000000000000000000000006,0x833589fcd6edb6e08f4c7c32d4f71b54bda02913,WETH,18,USDC,6,0.1326299281027522,-251.660497,1897.5900615675137,0.1326299281027522,-251.660497,1897.463872596171,1897.5900615675137,251.660497,WETH_IN,2026-08-18 08:33:01+00:00,0.0001,1.0
146,base,50126318,1787041983,0f9ee1ec3b6184c530bebc970a8e497643ea0505fc54dfcab6fbde94f43132f1,13,20,0xb4cb800910b228ed3d0834cf79d697127bbb00e5,100,0x83d55acdc72027ed339d267eebaf9a41e47490d5,0x51c72848c68a965f66fa7a88855f9f7784502a7f,187781500498204032,-356279774,3451120951660610074977695,172415096172701489,-200838,0x4200000000000000000000000000000000000006,0x833589fcd6edb6e08f4c7c32d4f71b54bda02913,WETH,18,USDC,6,0.187781500498204,-356.279774,1897.4100349286664,0.187781500498204,-356.279774,1897.310294436632,1897.4100349286664,356.279774,WETH_IN,2026-08-18 08:33:03+00:00,0.0001,1.0
147,base,50126318,1787041983,f19e4e10757c8f2696cd4c0ff34dc6860c73c3fcd12bd4e9b686002ea39ae33a,104,374,0xb4cb800910b228ed3d0834cf79d697127bbb00e5,100,0xc774f0643949d72bc72c470b382b68006a507c6f,0xc774f0643949d72bc72c470b382b68006a507c6f,31577673092165164,-59909324,3451093422135706580035457,172415096172701489,-200838,0x4200000000000000000000000000000000000006,0x833589fcd6edb6e08f4c7c32d4f71b54bda02913,WETH,18,USDC,6,0.0315776730921651,-59.909324,1897.3797638432989,0.0315776730921651,-59.909324,1897.205149510028,1897.3797638432989,59.909324,WETH_IN,2026-08-18 08:33:03+00:00,0.0001,1.0
148,base,50126318,1787041983,6e3164d6d3e66c84eac0b24a29021015ca5a46f45a5866d4be2c420631ed925d,184,699,0xb4cb800910b228ed3d0834cf79d697127bbb00e5,100,0x8f10b468b06c6fd214b65f87778827f7d113f996,0x8f10b468b06c6fd214b65f87778827f7d113f996,55322076419847529,-104955024,3451045193216380270006500,172415096172701489,-200839,0x4200000000000000000000000000000000000006,0x833589fcd6edb6e08f4c7c32d4f71b54bda02913,WETH,18,USDC,6,0.0553220764198475,-104.955024,1897.326732571784,0.0553220764198475,-104.955024,1897.163497687263,1897.326732571784,104.955024,WETH_IN,2026-08-18 08:33:03+00:00,0.0001,1.0
9932,base,50126319,1787041985,feb83892e79a4fe8b4904d741b5833cf326db28539e8bc0f0941d101d9705698,86,520,0x6c561b446416e1a00e8e93e221854d6ea4171372,3000,0x2626664c2603336e57b271c5c0b26f421741e481,0xd0a40c6526acdebd4f6d87931098ff37a9f8e4bf,19800000000000000,-37463940,3451486132304158665131332,32494441286279350241,-200836,0x4200000000000000000000000000000000000006,0x833589fcd6edb6e08f4c7c32d4f71b54bda02913,WETH,18,USDC,6,0.0198,-37.46394,1897.8116053672773,0.0198,-37.46394,1892.1181818181817,1897.8116053672773,37.46394,WETH_IN,2026-08-18 08:33:05+00:00,0.003,30.0
149,base,50126321,1787041989,8937002870056428b7b6d81d60c71458a4b7f5062a8c67dd9802e26b78b64dfe,105,341,0xb4cb800910b228ed3d0834cf79d697127bbb00e5,100,0x83d55acdc72027ed339d267eebaf9a41e47490d5,0x51c72848c68a965f66fa7a88855f9f7784502a7f,169150170480558944,-320887335,3450897739109716742831639,172415096172701489,-200840,0x4200000000000000000000000000000000000006,0x833589fcd6edb6e08f4c7c32d4f71b54bda02913,WETH,18,USDC,6,0.1691501704805589,-320.887335,1897.1646004489933,0.1691501704805589,-320.887335,1897.0559360853897,1897.1646004489933,320.887335,WETH_IN,2026-08-18 08:33:09+00:00,0.0001,1.0
9933,base,50126321,1787041989,2050d21c59d587ac892c9eaae2fdf66de1028bc123cd761342eb7ab621fe3d28,132,447,0x6c561b446416e1a00e8e93e221854d6ea4171372,3000,0xcdbdc59a5eeb54027f8b45b118e3cd1f675d79c5,0xcdbdc59a5eeb54027f8b45b118e3cd1f675d79c5,-17511221822667,33334,3451486132385187586405578,32494441286279350241,-200836,0x4200000000000000000000000000000000000006,0x833589fcd6edb6e08f4c7c32d4f71b54bda02913,WETH,18,USDC,6,-1.7511221822667e-05,0.033334,1897.8116054563852,-1.7511221822667e-05,0.033334,1903.5793354437192,1897.8116054563852,0.033334,WETH_OUT,2026-08-18 08:33:09+00:00,0.003,30.0
9934,base,50126322,1787041991,642a3957f68dd1a292645c1fd12fd7f96dda3f6ffb529c1632ffbb51a462a333,23,74,0x6c561b446416e1a00e8e93e221854d6ea4171372,3000,0x2626664c2603336e57b271c5c0b26f421741e481,0xd0a40c6526acdebd4f6d87931098ff37a9f8e4bf,990000000000000,-1873196,3451486127817946255601638,32494441286279350241,-200836,0x4200000000000000000000000000000000000006,0x833589fcd6edb6e08f4c7c32d4f71b54bda02913,WETH,18,USDC,6,0.00099,-1.873196,1897.8116004337587,0.00099,-1.873196,1892.117171717172,1897.8116004337587,1.873196,WETH_IN,2026-08-18 08:33:11+00:00,0.003,30.0
150,base,50126328,1787042003,9d7e338500a16086be3fdb0f4435ae60650fe99fc46bd1f61a200735d42d9d4d,84,287,0xb4cb800910b228ed3d0834cf79d697127bbb00e5,100,0x83d55acdc72027ed339d267eebaf9a41e47490d5,0x51c72848c68a965f66fa7a88855f9f7784502a7f,133025725362106944,-252337980,3450781784793682504838842,172415096172701489,-200840,0x4200000000000000000000000000000000000006,0x833589fcd6edb6e08f4c7c32d4f71b54bda02913,WETH,18,USDC,6,0.1330257253621069,-252.33798,1897.0371085646143,0.1330257253621069,-252.33798,1896.911137399291,1897.0371085646143,252.33798,WETH_IN,2026-08-18 08:33:23+00:00,0.0001,1.0
151,base,50126328,1787042003,3343191cf7889d2d5b09853b6c1135d5fa349fce2d1859c4ec12361d2ef2f743,133,495,0xb4cb800910b228ed3d0834cf79d697127bbb00e5,100,0x83d55acdc72027ed339d267eebaf9a41e47490d5,0x51c72848c68a965f66fa7a88855f9f7784502a7f,172458660449001696,-327113509,3450631430532584416972374,172353906769936338,-200841,0x4200000000000000000000000000000000000006,0x833589fcd6edb6e08f4c7c32d4f71b54bda02913,WETH,18,USDC,6,0.1724586604490016,-327.113509,1896.871800285688,0.1724586604490016,-327.113509,1896.7647559615125,1896.871800285688,327.113509,WETH_IN,2026-08-18 08:33:23+00:00,0.0001,1.0
152,base,50126329,1787042005,3f90c4fc5bbf6e051f246c5cdbed8f839a5906d0132c9eba137f55baf6604e06,21,50,0xb4cb800910b228ed3d0834cf79d697127bbb00e5,100,0x6ff5693b99212da76ad316178a184ab56d299b43,0x33b5936399246df2f9b3de88af4c07a05e5edb6e,8000000000000000,-15173426,3450624455566353119263074,172353906769936338,-200841,0x4200000000000000000000000000000000000006,0x833589fcd6edb6e08f4c7c32d4f71b54bda02913,WETH,18,USDC,6,0.008,-15.173426,1896.864131774202,0.008,-15.173426,1896.67825,1896.864131774202,15.173426,WETH_IN,2026-08-18 08:33:25+00:00,0.0001,1.0
153,base,50126329,1787042005,85da069327c3fe08668f98cff2161c0777161127344e367401e202b716b0baa2,133,517,0xb4cb800910b228ed3d0834cf79d697127bbb00e5,100,0x83d55acdc72027ed339d267eebaf9a41e47490d5,0x51c72848c68a965f66fa7a88855f9f7784502a7f,135116609637191856,-256263471,3450506655602468823485185,172353906769936338,-200842,0x4200000000000000000000000000000000000006,0x833589fcd6edb6e08f4c7c32d4f71b54bda02913,WETH,18,USDC,6,0.1351166096371918,-256.263471,1896.7346208900508,0.1351166096371918,-256.263471,1896.609689127824,1896.7346208900508,256.263471,WETH_IN,2026-08-18 08:33:25+00:00,0.0001,1.0
9935,base,50126330,1787042007,b66ecbdca8ba8aeebca80ce2064bd9455c3a6086e1f145ce6d900cc8d30dbdcd,53,454,0x6c561b446416e1a00e8e93e221854d6ea4171372,3000,0x2626664c2603336e57b271c5c0b26f421741e481,0xd0a40c6526acdebd4f6d87931098ff37a9f8e4bf,495000000000000000,-936597872,3451483844198794795606582,32494441286279350241,-200836,0x4200000000000000000000000000000000000006,0x833589fcd6edb6e08f4c7c32d4f71b54bda02913,WETH,18,USDC,6,0.495,-936.597872,1897.8090891227916,0.495,-936.597872,1892.116913131313,1897.8090891227916,936.597872,WETH_IN,2026-08-18 08:33:27+00:00,0.003,30.0
9936,base,50126330,1787042007,6007bb50fbe69c95d512279407b6857cd21cd7bfca5cb4665bdc5b51f5304fed,54,487,0x6c561b446416e1a00e8e93e221854d6ea4171372,3000,0xcdbdc59a5eeb54027f8b45b118e3cd1f675d79c5,0xcdbdc59a5eeb54027f8b45b118e3cd1f675d79c5,-217587744861318,414183,3451483845205627845616730,32494441286279350241,-200836,0x4200000000000000000000000000000000000006,0x833589fcd6edb6e08f4c7c32d4f71b54bda02913,WETH,18,USDC,6,-0.0002175877448613,0.414183,1897.809090230012,-0.0002175877448613,0.414183,1903.5217275861935,1897.809090230012,0.414183,WETH_OUT,2026-08-18 08:33:27+00:00,0.003,30.0
9937,base,50126330,1787042007,a7d57a54514a950b77e90ac480736a720f2947af95fd49338cc8f6a6805a32a6,56,503,0x6c561b446416e1a00e8e93e221854d6ea4171372,3000,0xcdbdc59a5eeb54027f8b45b118e3cd1f675d79c5,0xcdbdc59a5eeb54027f8b45b118e3cd1f675d79c5,-18985576676058,36140,3451483845293478869070296,32494441286279350241,-200836,0x4200000000000000000000000000000000000006,0x833589fcd6edb6e08f4c7c32d4f71b54bda02913,WETH,18,USDC,6,-1.8985576676058e-05,0.03614,1897.8090903266225,-1.8985576676058e-05,0.03614,1903.550290656949,1897.8090903266225,0.03614,WETH_OUT,2026-08-18 08:33:27+00:00,0.003,30.0
6943,base,50126330,1787042007,51a979b086e0bc3603038c4c474ed0d257e2370f3971fa81d71768efe2050f80,74,565,0xd0b53d9277642d899df5c87a3966a349a798f224,500,0x1c9637f9103d51e257b38712e514dfcdd4a55812,0x1c9637f9103d51e257b38712e514dfcdd4a55812,-2875157103485791,5456819,3450721966178433789627777,1097704048242966343,-200841,0x4200000000000000000000000000000000000006,0x833589fcd6edb6e08f4c7c32d4f71b54bda02913,WETH,18,USDC,6,-0.0028751571034857,5.456819,1896.9713396134453,-0.0028751571034857,5.456819,1897.9202887328304,1896.9713396134453,5.456819,WETH_OUT,2026-08-18 08:33:27+00:00,0.0005,5.0
6944,base,50126331,1787042009,30ea7e1c0ce73b0dbf941999d1ffe673e7f5c6a4dd475ff4bfb29ed919037245,40,158,0xd0b53d9277642d899df5c87a3966a349a798f224,500,0x68faea3b745ec19be72c561ad9cf0d3524742610,0x68faea3b745ec19be72c561ad9cf0d3524742610,14997356098886893,-28435313,3450719913824155681581307,1097704048242966343,-200841,0x4200000000000000000000000000000000000006,0x833589fcd6edb6e08f4c7c32d4f71b54bda02913,WETH,18,USDC,6,0.0149973560988868,-28.435313,1896.9690831256007,0.0149973560988868,-28.435313,1896.021726263503,1896.9690831256007,28.435313,WETH_IN,2026-08-18 08:33:29+00:00,0.0005,5.0
6945,base,50126331,1787042009,30ea7e1c0ce73b0dbf941999d1ffe673e7f5c6a4dd475ff4bfb29ed919037245,40,172,0xd0b53d9277642d899df5c87a3966a349a798f224,500,0x68faea3b745ec19be72c561ad9cf0d3524742610,0xf4341b3e7582955b57728b3772d8d423474dc60b,9722700861856362,-18434434,3450718583295826895454440,1097704048242966343,-200841,0x4200000000000000000000000000000000000006,0x833589fcd6edb6e08f4c7c32d4f71b54bda02913,WETH,18,USDC,6,0.0097227008618563,-18.434434,1896.967620259485,0.0097227008618563,-18.434434,1896.019867516556,1896.967620259485,18.434434,WETH_IN,2026-08-18 08:33:29+00:00,0.0005,5.0
154,base,50126333,1787042013,183753fdf9e013cc659f7a790b098df2cb1039e2c95b65a7a37ead6171cfa91b,17,77,0xb4cb800910b228ed3d0834cf79d697127bbb00e5,100,0x2626664c2603336e57b271c5c0b26f421741e481,0xb4acbc082b5e7ded571c98ee4257778a9d784b36,524413540365957,-994573,3450506198413828986186511,172353906769936338,-200842,0x4200000000000000000000000000000000000006,0x833589fcd6edb6e08f4c7c32d4f71b54bda02913,WETH,18,USDC,6,0.0005244135403659,-0.994573,1896.7341182592488,0.0005244135403659,-0.994573,1896.5433259140236,1896.7341182592488,0.994573,WETH_IN,2026-08-18 08:33:33+00:00,0.0001,1.0
155,base,50126334,1787042015,543978057946cd02e72a6e0574df42cef345dd7486cc2b12875dcb12ea6c7ac2,24,96,0xb4cb800910b228ed3d0834cf79d697127bbb00e5,100,0x6ff5693b99212da76ad316178a184ab56d299b43,0xe4e77e5cff7198e7e9498b72ff1bc8de6f2ce055,8587266133776712,-16286096,3450498711971959870030580,172353906769936338,-200842,0x4200000000000000000000000000000000000006,0x833589fcd6edb6e08f4c7c32d4f71b54bda02913,WETH,18,USDC,6,0.0085872661337767,-16.286096,1896.7258877136435,0.0085872661337767,-16.286096,1896.5402662834808,1896.7258877136435,16.286096,WETH_IN,2026-08-18 08:33:35+00:00,0.0001,1.0
156,base,50126334,1787042015,13eb29be2f20b3a11d78a8dac17b27203bd74713522f37f8d65d31f2e60f6d03,90,316,0xb4cb800910b228ed3d0834cf79d697127bbb00e5,100,0x8f10b468b06c6fd214b65f87778827f7d113f996,0x8f10b468b06c6fd214b65f87778827f7d113f996,-2228436722104451,4227159,3450500654930683514721664,172353906769936338,-200842,0x4200000000000000000000000000000000000006,0x833589fcd6edb6e08f4c7c32d4f71b54bda02913,WETH,18,USDC,6,-0.0022284367221044,4.227159,1896.728023788139,-0.0022284367221044,4.227159,1896.9167749165572,1896.728023788139,4.227159,WETH_OUT,2026-08-18 08:33:35+00:00,0.0001,1.0
157,base,50126335,1787042017,b621ae475379234173dfcb290ae79932c99da0f282bc9218278accd5b2e389df,25,173,0xb4cb800910b228ed3d0834cf79d697127bbb00e5,100,0x2626664c2603336e57b271c5c0b26f421741e481,0x2626664c2603336e57b271c5c0b26f421741e481,-15831881267582903,30031897,3450514458702581201967474,172353906769936338,-200842,0x4200000000000000000000000000000000000006,0x833589fcd6edb6e08f4c7c32d4f71b54bda02913,WETH,18,USDC,6,-0.0158318812675829,30.031897,1896.743199587816,-0.0158318812675829,30.031897,1896.925355389875,1896.743199587816,30.031897,WETH_OUT,2026-08-18 08:33:37+00:00,0.0001,1.0
9938,base,50126336,1787042019,fff0f99b9c754d05edefe0f0f9368d42536e64bb0d81d2f29d9aed3fe702f351,44,211,0x6c561b446416e1a00e8e93e221854d6ea4171372,3000,0x2626664c2603336e57b271c5c0b26f421741e481,0xd0a40c6526acdebd4f6d87931098ff37a9f8e4bf,-16926275901402816,32219500,3451483923615603097822737,32494441286279350241,-200836,0x4200000000000000000000000000000000000006,0x833589fcd6edb6e08f4c7c32d4f71b54bda02913,WETH,18,USDC,6,-0.0169262759014028,32.2195,1897.8091764579488,-0.0169262759014028,32.2195,1903.5197220984512,1897.8091764579488,32.2195,WETH_OUT,2026-08-18 08:33:39+00:00,0.003,30.0
158,base,50126336,1787042019,92992bbc2e2c6a8f475ab78c8187a16c5004e31642da034b73378b9e39c8a8f7,58,250,0xb4cb800910b228ed3d0834cf79d697127bbb00e5,100,0x83d55acdc72027ed339d267eebaf9a41e47490d5,0x51c72848c68a965f66fa7a88855f9f7784502a7f,-132424059308857035,251207960,3450629923185876323766894,172353906769936338,-200841,0x4200000000000000000000000000000000000006,0x833589fcd6edb6e08f4c7c32d4f71b54bda02913,WETH,18,USDC,6,-0.132424059308857,251.20796,1896.8701430569183,-0.132424059308857,251.20796,1896.9963714380583,1896.8701430569183,251.20796,WETH_OUT,2026-08-18 08:33:39+00:00,0.0001,1.0
9939,base,50126341,1787042029,cea7d01e78dd3f80f86c69a3a21cc117cfb21faf8c6ef692363dc9852058aa96,82,272,0x6c561b446416e1a00e8e93e221854d6ea4171372,3000,0x2626664c2603336e57b271c5c0b26f421741e481,0xd0a40c6526acdebd4f6d87931098ff37a9f8e4bf,4950000000000000,-9365972,3451483900779072659194476,32493938807449503520,-200836,0x4200000000000000000000000000000000000006,0x833589fcd6edb6e08f4c7c32d4f71b54bda02913,WETH,18,USDC,6,0.00495,-9.365972,1897.809151344474,0.00495,-9.365972,1892.1155555555551,1897.809151344474,9.365972,WETH_IN,2026-08-18 08:33:49+00:00,0.003,30.0
159,base,50126344,1787042035,77ad2a20a47aa92411231263191600fd5dfca18fa971d3c7f1caf1668679ad31,86,254,0xb4cb800910b228ed3d0834cf79d697127bbb00e5,100,0x6ff5693b99212da76ad316178a184ab56d299b43,0x6ff5693b99212da76ad316178a184ab56d299b43,-8584895351244380,16286096,3450637408878670374327822,172353906769936338,-200841,0x4200000000000000000000000000000000000006,0x833589fcd6edb6e08f4c7c32d4f71b54bda02913,WETH,18,USDC,6,-0.0085848953512443,16.286096,1896.878373091944,-0.0085848953512443,16.286096,1897.064009946182,1896.878373091944,16.286096,WETH_OUT,2026-08-18 08:33:55+00:00,0.0001,1.0
160,base,50126345,1787042037,1e516e7fb5fa4c9d6e763fbb91ec41796a35a4da3f005e6dc79ec0596a25dad7,76,344,0xb4cb800910b228ed3d0834cf79d697127bbb00e5,100,0xecec48ec5a7b7f7b96460b0f4e2b99cf0db94cb1,0xecec48ec5a7b7f7b96460b0f4e2b99cf0db94cb1,-103011079831234311,195424119,3450727233042180773850315,172353906769936338,-200841,0x4200000000000000000000000000000000000006,0x833589fcd6edb6e08f4c7c32d4f71b54bda02913,WETH,18,USDC,6,-0.1030110798312343,195.424119,1896.9771303420523,-0.1030110798312343,195.424119,1897.1174685302624,1896.9771303420523,195.424119,WETH_OUT,2026-08-18 08:33:57+00:00,0.0001,1.0
161,base,50126348,1787042043,5c572e720b852fd4822ccf5857dd4d8b18c2bf089e49fca04faa4fbec51f76ed,75,288,0xb4cb800910b228ed3d0834cf79d697127bbb00e5,100,0xecec48ec5a7b7f7b96460b0f4e2b99cf0db94cb1,0xecec48ec5a7b7f7b96460b0f4e2b99cf0db94cb1,-150826998296320248,286154885,3450858718851570659713393,172415096172701489,-200840,0x4200000000000000000000000000000000000006,0x833589fcd6edb6e08f4c7c32d4f71b54bda02913,WETH,18,USDC,6,-0.1508269982963202,286.154885,1897.121697158589,-0.1508269982963202,286.154885,1897.2391430731093,1897.121697158589,286.154885,WETH_OUT,2026-08-18 08:34:03+00:00,0.0001,1.0
162,base,50126348,1787042043,da7ba2884b72822d09a1645ff1252163934bbb43ab6fa63dd1ad4512865b6e42,105,351,0xb4cb800910b228ed3d0834cf79d697127bbb00e5,100,0x83d55acdc72027ed339d267eebaf9a41e47490d5,0x51c72848c68a965f66fa7a88855f9f7784502a7f,-144308825060433209,273808765,3450984526837451460914225,172415096172701489,-200839,0x4200000000000000000000000000000000000006,0x833589fcd6edb6e08f4c7c32d4f71b54bda02913,WETH,18,USDC,6,-0.1443088250604332,273.808765,1897.260026444015,-0.1443088250604332,273.808765,1897.380599456306,1897.260026444015,273.808765,WETH_OUT,2026-08-18 08:34:03+00:00,0.0001,1.0
9940,base,50126352,1787042051,51020d71c333bdb8e42f030ddf0b6e9eba80a4c0dfa808e0791555c14d45a858,2,7,0x6c561b446416e1a00e8e93e221854d6ea4171372,3000,0x2626664c2603336e57b271c5c0b26f421741e481,0xd0a40c6526acdebd4f6d87931098ff37a9f8e4bf,2970000000000000,-5619583,3451483887077154541070154,32493938807449503520,-200836,0x4200000000000000000000000000000000000006,0x833589fcd6edb6e08f4c7c32d4f71b54bda02913,WETH,18,USDC,6,0.00297,-5.619583,1897.8091362763896,0.00297,-5.619583,1892.1154882154883,1897.8091362763896,5.619583,WETH_IN,2026-08-18 08:34:11+00:00,0.003,30.0
163,base,50126354,1787042055,1075d6357151bcdf8df8e69d416ba61892b3c41e5105d65e2319d8063ca77d76,90,399,0xb4cb800910b228ed3d0834cf79d697127bbb00e5,100,0x2626664c2603336e57b271c5c0b26f421741e481,0xb4acbc082b5e7ded571c98ee4257778a9d784b36,9455479596239,-17937,3450984518594717541352518,172415096172701489,-200839,0x4200000000000000000000000000000000000006,0x833589fcd6edb6e08f4c7c32d4f71b54bda02913,WETH,18,USDC,6,9.455479596239e-06,-0.017937,1897.2600173807407,9.455479596239e-06,-0.017937,1896.99526263423,1897.2600173807407,0.017937,WETH_IN,2026-08-18 08:34:15+00:00,0.0001,1.0
9941,base,50126354,1787042055,5374d425c4bef3d0567cbcbe735dfe91a4c643e78eeb62565b7b72a46c37b3aa,128,519,0x6c561b446416e1a00e8e93e221854d6ea4171372,3000,0x00000000e91fc5bad977c0cc4ad60557c06886a2,0x00000000e91fc5bad977c0cc4ad60557c06886a2,100000000000000000,-189211545,3451483425733173656989319,32493938807449503520,-200836,0x4200000000000000000000000000000000000006,0x833589fcd6edb6e08f4c7c32d4f71b54bda02913,WETH,18,USDC,6,0.1,-189.211545,1897.8086289335815,0.1,-189.211545,1892.11545,1897.8086289335815,189.211545,WETH_IN,2026-08-18 08:34:15+00:00,0.003,30.0
9942,base,50126356,1787042059,750f3e303896e6fe23e108670482300cee800ce6020700375f8d36ae1ef56ff2,1,17,0x6c561b446416e1a00e8e93e221854d6ea4171372,3000,0x2626664c2603336e57b271c5c0b26f421741e481,0xd0a40c6526acdebd4f6d87931098ff37a9f8e4bf,-8386125228025023,15963151,3451483464538468774854592,32493938807449503520,-200836,0x4200000000000000000000000000000000000006,0x833589fcd6edb6e08f4c7c32d4f71b54bda02913,WETH,18,USDC,6,-0.008386125228025,15.963151,1897.8086716080009,-0.008386125228025,15.963151,1903.5192733175304,1897.8086716080009,15.963151,WETH_OUT,2026-08-18 08:34:19+00:00,0.003,30.0
164,base,50126356,1787042059,d4ffe6c04f91c6b72da23bebafd98e2e36a6c4a28a297a0684e7dea78f137f45,87,401,0xb4cb800910b228ed3d0834cf79d697127bbb00e5,100,0xfdf682f51fe81aa4898f0ae2163d8a55c127fbc7,0xfdf682f51fe81aa4898f0ae2163d8a55c127fbc7,-86397085256114383,163937708,3451059843695246860406153,172415096172701489,-200839,0x4200000000000000000000000000000000000006,0x833589fcd6edb6e08f4c7c32d4f71b54bda02913,WETH,18,USDC,6,-0.0863970852561143,163.937708,1897.3428417808168,-0.0863970852561143,163.937708,1897.491188667132,1897.3428417808168,163.937708,WETH_OUT,2026-08-18 08:34:19+00:00,0.0001,1.0
6946,base,50126358,1787042063,50c4545dad9b2a26a6bbed24398082b69a1f534b3f2a171dc29d36b374b75a1b,121,442,0xd0b53d9277642d899df5c87a3966a349a798f224,500,0x2626664c2603336e57b271c5c0b26f421741e481,0x2626664c2603336e57b271c5c0b26f421741e481,-84503641398342775,160381400,3450730153236065536122177,1097704048242966343,-200841,0x4200000000000000000000000000000000000006,0x833589fcd6edb6e08f4c7c32d4f71b54bda02913,WETH,18,USDC,6,-0.0845036413983427,160.3814,1896.9803409947565,-0.0845036413983427,160.3814,1897.922945639421,1896.9803409947565,160.3814,WETH_OUT,2026-08-18 08:34:23+00:00,0.0005,5.0
165,base,50126359,1787042065,fa9bc5e54c9d94e9156deb76946a4cf4e64a9e5fa58ca70eb79f60c683815980,8,11,0xb4cb800910b228ed3d0834cf79d697127bbb00e5,100,0x83d55acdc72027ed339d267eebaf9a41e47490d5,0x51c72848c68a965f66fa7a88855f9f7784502a7f,139428365746195904,-264507641,3450938297178518806637379,172415096172701489,-200839,0x4200000000000000000000000000000000000006,0x833589fcd6edb6e08f4c7c32d4f71b54bda02913,WETH,18,USDC,6,0.1394283657461959,-264.507641,1897.2091950967497,0.1394283657461959,-264.507641,1897.0862893242845,1897.2091950967497,264.507641,WETH_IN,2026-08-18 08:34:25+00:00,0.0001,1.0
9943,base,50126362,1787042071,8756434acd66bf56684b16ee7c92589534ba4527920451315fae7a2137a52c55,6,15,0x6c561b446416e1a00e8e93e221854d6ea4171372,3000,0xcdbdc59a5eeb54027f8b45b118e3cd1f675d79c5,0xcdbdc59a5eeb54027f8b45b118e3cd1f675d79c5,-28079226739354,53450,3451483464668400377706466,32493938807449503520,-200836,0x4200000000000000000000000000000000000006,0x833589fcd6edb6e08f4c7c32d4f71b54bda02913,WETH,18,USDC,6,-2.8079226739354e-05,0.05345,1897.8086717508872,-2.8079226739354e-05,0.05345,1903.542447808507,1897.8086717508872,0.05345,WETH_OUT,2026-08-18 08:34:31+00:00,0.003,30.0
9944,base,50126366,1787042079,66bbe7254b2b660beaa53e8a58a8f5505a0c83b5f3d798b3af242df10f14238e,1,4,0x6c561b446416e1a00e8e93e221854d6ea4171372,3000,0x2626664c2603336e57b271c5c0b26f421741e481,0xd0a40c6526acdebd4f6d87931098ff37a9f8e4bf,7920000000000000,-14985552,3451483428129961538059871,32493938807449503520,-200836,0x4200000000000000000000000000000000000006,0x833589fcd6edb6e08f4c7c32d4f71b54bda02913,WETH,18,USDC,6,0.00792,-14.985552,1897.808631569344,0.00792,-14.985552,1892.115151515152,1897.808631569344,14.985552,WETH_IN,2026-08-18 08:34:39+00:00,0.003,30.0
166,base,50126369,1787042085,1bed2858fe5abd33f1def3c4456fd580f814327776be36b97a7f2c94fc330ef0,67,260,0xb4cb800910b228ed3d0834cf79d697127bbb00e5,100,0x7ba457fc292a4b43a3ec8f6efc3d3743e8f10e1f,0x7ba457fc292a4b43a3ec8f6efc3d3743e8f10e1f,-7866590241366219,14926090,3450945155327386417913533,172415096172701489,-200839,0x4200000000000000000000000000000000000006,0x833589fcd6edb6e08f4c7c32d4f71b54bda02913,WETH,18,USDC,6,-0.0078665902413662,14.92609,1897.2167358609715,-0.0078665902413662,14.92609,1897.4027554545328,1897.2167358609715,14.92609,WETH_OUT,2026-08-18 08:34:45+00:00,0.0001,1.0
167,base,50126370,1787042087,f469f231a6aa67b5c4aa222510d98999d7d22bdbcade81c0a8f0db6f1bf37c84,81,406,0xb4cb800910b228ed3d0834cf79d697127bbb00e5,100,0x6ff5693b99212da76ad316178a184ab56d299b43,0x6ff5693b99212da76ad316178a184ab56d299b43,500000000000000,-948513,3450944719466638352878524,172415096172701489,-200839,0x4200000000000000000000000000000000000006,0x833589fcd6edb6e08f4c7c32d4f71b54bda02913,WETH,18,USDC,6,0.0005,-0.948513,1897.2162566170448,0.0005,-0.948513,1897.026,1897.2162566170448,0.948513,WETH_IN,2026-08-18 08:34:47+00:00,0.0001,1.0
168,base,50126372,1787042091,03177e1ecc0c3718d85d1410a846cc717e320a67e10ac2f0ba8f35e64859473a,15,39,0xb4cb800910b228ed3d0834cf79d697127bbb00e5,100,0xfdf682f51fe81aa4898f0ae2163d8a55c127fbc7,0xfdf682f51fe81aa4898f0ae2163d8a55c127fbc7,22791361442110708,-43235568,3450924851863833931985887,172415096172701489,-200839,0x4200000000000000000000000000000000000006,0x833589fcd6edb6e08f4c7c32d4f71b54bda02913,WETH,18,USDC,6,0.0227913614421107,-43.235568,1897.194411566728,0.0227913614421107,-43.235568,1897.015591184269,1897.194411566728,43.235568,WETH_IN,2026-08-18 08:34:51+00:00,0.0001,1.0
9945,base,50126375,1787042097,3a2588c034494ff6df8ab7c410157c4a599514b6f7e8010e65a825141af0c2d9,57,312,0x6c561b446416e1a00e8e93e221854d6ea4171372,3000,0x0bf485bd7ebb82e282f72e7d14822c680e3f7bec,0x0bf485bd7ebb82e282f72e7d14822c680e3f7bec,-141653903073800,269641,3451483428785439641568569,32493938807449503520,-200836,0x4200000000000000000000000000000000000006,0x833589fcd6edb6e08f4c7c32d4f71b54bda02913,WETH,18,USDC,6,-0.0001416539030738,0.269641,1897.808632290177,-0.0001416539030738,0.269641,1903.5197347122885,1897.808632290177,0.269641,WETH_OUT,2026-08-18 08:34:57+00:00,0.003,30.0
169,base,50126379,1787042105,c1374c945165103438fe8e38f976874aaaa695df831218348ca4764c750021be,106,462,0xb4cb800910b228ed3d0834cf79d697127bbb00e5,100,0x83d55acdc72027ed339d267eebaf9a41e47490d5,0x51c72848c68a965f66fa7a88855f9f7784502a7f,-152350026115227539,289077651,3451057675504531896077315,172415096172701489,-200839,0x4200000000000000000000000000000000000006,0x833589fcd6edb6e08f4c7c32d4f71b54bda02913,WETH,18,USDC,6,-0.1523500261152275,289.077651,1897.3404577017063,-0.1523500261152275,289.077651,1897.4571804888344,1897.3404577017063,289.077651,WETH_OUT,2026-08-18 08:35:05+00:00,0.0001,1.0
170,base,50126380,1787042107,a583575e03a683b241a21ab4962b8f69ec5fa7e47888740564e4b913f9781120,86,482,0xb4cb800910b228ed3d0834cf79d697127bbb00e5,100,0x83d55acdc72027ed339d267eebaf9a41e47490d5,0x51c72848c68a965f66fa7a88855f9f7784502a7f,-144227071943770949,273685199,3451183426714894725915596,172415096172701489,-200838,0x4200000000000000000000000000000000000006,0x833589fcd6edb6e08f4c7c32d4f71b54bda02913,WETH,18,USDC,6,-0.1442270719437709,273.685199,1897.4787325313032,-0.1442270719437709,273.685199,1897.5993571213887,1897.4787325313032,273.685199,WETH_OUT,2026-08-18 08:35:07+00:00,0.0001,1.0
9946,base,50126381,1787042109,b5f8e1fe6c4d7689bbfcad7759561d6e65f45551400de1c6207e5fc811cf4c34,14,25,0x6c561b446416e1a00e8e93e221854d6ea4171372,3000,0x2626664c2603336e57b271c5c0b26f421741e481,0xd0a40c6526acdebd4f6d87931098ff37a9f8e4bf,990000000000000,-1873194,3451483424218134846497368,32493938858849242187,-200836,0x4200000000000000000000000000000000000006,0x833589fcd6edb6e08f4c7c32d4f71b54bda02913,WETH,18,USDC,6,0.00099,-1.873194,1897.808627267484,0.00099,-1.873194,1892.115151515152,1897.808627267484,1.873194,WETH_IN,2026-08-18 08:35:09+00:00,0.003,30.0
171,base,50126381,1787042109,d503c42ec7c04a5ffcfe17e9abf9200810a856eadbe6b1724aa93f50b4d37c96,85,440,0xb4cb800910b228ed3d0834cf79d697127bbb00e5,100,0x78e0a685840cb2926fcc6ecf860b0f5f4d940b63,0x78e0a685840cb2926fcc6ecf860b0f5f4d940b63,4334368479365893,-8223540,3451179647834605560564944,172415096172701489,-200838,0x4200000000000000000000000000000000000006,0x833589fcd6edb6e08f4c7c32d4f71b54bda02913,WETH,18,USDC,6,0.0043343684793658,-8.22354,1897.474577237209,0.0043343684793658,-8.22354,1897.2867764124849,1897.474577237209,8.22354,WETH_IN,2026-08-18 08:35:09+00:00,0.0001,1.0
9947,base,50126383,1787042113,0da0b6634751ad8e6b82776d8f21468b744b2698eb74f5ef8b3d4208111be216,3,36,0x6c561b446416e1a00e8e93e221854d6ea4171372,3000,0x2626664c2603336e57b271c5c0b26f421741e481,0xd0a40c6526acdebd4f6d87931098ff37a9f8e4bf,-272352117513298153,518427671,3451484684479307068755470,32493938858849242187,-200836,0x4200000000000000000000000000000000000006,0x833589fcd6edb6e08f4c7c32d4f71b54bda02913,WETH,18,USDC,6,-0.2723521175132981,518.427671,1897.8100131845924,-0.2723521175132981,518.427671,1903.5198835003985,1897.8100131845924,518.427671,WETH_OUT,2026-08-18 08:35:13+00:00,0.003,30.0
172,base,50126383,1787042113,43aec4a7f99319b5c76db49b7c7b49251c32f52de96175e4e7e0c0526b1a7cf1,9,94,0xb4cb800910b228ed3d0834cf79d697127bbb00e5,100,0xfdf682f51fe81aa4898f0ae2163d8a55c127fbc7,0x6974630a9ccce4ec521f61fd4f4793da6b0e1f88,10723691217544323,-20345841,3451170298516149681325401,172415096172701489,-200838,0x4200000000000000000000000000000000000006,0x833589fcd6edb6e08f4c7c32d4f71b54bda02913,WETH,18,USDC,6,0.0107236912175443,-20.345841,1897.4642966538336,0.0107236912175443,-20.345841,1897.2796388162976,1897.4642966538336,20.345841,WETH_IN,2026-08-18 08:35:13+00:00,0.0001,1.0
9948,base,50126383,1787042113,a70607a1db3ada7b1f918b4291c12ef8f17dee9191beeaa7299c3ca560312f89,60,374,0x6c561b446416e1a00e8e93e221854d6ea4171372,3000,0xcdbdc59a5eeb54027f8b45b118e3cd1f675d79c5,0xcdbdc59a5eeb54027f8b45b118e3cd1f675d79c5,-29887080162755,56891,3451484684617604287733133,32493938858849242187,-200836,0x4200000000000000000000000000000000000006,0x833589fcd6edb6e08f4c7c32d4f71b54bda02913,WETH,18,USDC,6,-2.9887080162755e-05,0.056891,1897.810013336678,-2.9887080162755e-05,0.056891,1903.531549090467,1897.810013336678,0.056891,WETH_OUT,2026-08-18 08:35:13+00:00,0.003,30.0
173,base,50126384,1787042115,902f3a2ef3e8e517dfd3dc962557f10f2aaa423c3fd436a9a7974a171e9c3885,28,114,0xb4cb800910b228ed3d0834cf79d697127bbb00e5,100,0x83d55acdc72027ed339d267eebaf9a41e47490d5,0x51c72848c68a965f66fa7a88855f9f7784502a7f,-133321135636016546,253005917,3451286548135831070584358,172415096172701489,-200837,0x4200000000000000000000000000000000000006,0x833589fcd6edb6e08f4c7c32d4f71b54bda02913,WETH,18,USDC,6,-0.1333211356360165,253.005917,1897.5921276205952,-0.1333211356360165,253.005917,1897.7179859218868,1897.5921276205952,253.005917,WETH_OUT,2026-08-18 08:35:15+00:00,0.0001,1.0
174,base,50126384,1787042115,d2f41b0c9540a0c09e188fe9ed08623f1c10cb19bc06875b0f859437f9f8bdbe,102,375,0xb4cb800910b228ed3d0834cf79d697127bbb00e5,100,0x83d55acdc72027ed339d267eebaf9a41e47490d5,0x51c72848c68a965f66fa7a88855f9f7784502a7f,-132609655705485683,251672638,3451402185148436351824964,172415096172701489,-200837,0x4200000000000000000000000000000000000006,0x833589fcd6edb6e08f4c7c32d4f71b54bda02913,WETH,18,USDC,6,-0.1326096557054857,251.672638,1897.7192892212363,-0.1326096557054857,251.672638,1897.8454974571584,1897.7192892212363,251.672638,WETH_OUT,2026-08-18 08:35:15+00:00,0.0001,1.0
175,base,50126385,1787042117,39b49e1847955183b924f9036bc809abf41d545a230fdfccb42b2ab302679aec,16,38,0xb4cb800910b228ed3d0834cf79d697127bbb00e5,100,0xfdf682f51fe81aa4898f0ae2163d8a55c127fbc7,0x8e275d37667aae92b628abba596f149c924a5509,61481318567956208,-116660804,3451348577190663795628893,172415096172701489,-200837,0x4200000000000000000000000000000000000006,0x833589fcd6edb6e08f4c7c32d4f71b54bda02913,WETH,18,USDC,6,0.0614813185679562,-116.660804,1897.6603380703737,0.0614813185679562,-116.660804,1897.5000328116432,1897.6603380703737,116.660804,WETH_IN,2026-08-18 08:35:17+00:00,0.0001,1.0
9949,base,50126385,1787042117,0a6f01228309d9fd4516daa3dd018567b3a2430a44d7617bfc16672d78184cae,52,263,0x6c561b446416e1a00e8e93e221854d6ea4171372,3000,0x2626664c2603336e57b271c5c0b26f421741e481,0xd0a40c6526acdebd4f6d87931098ff37a9f8e4bf,-4732660213558528,9008717,3451484706517159095904638,32493938858849242187,-200836,0x4200000000000000000000000000000000000006,0x833589fcd6edb6e08f4c7c32d4f71b54bda02913,WETH,18,USDC,6,-0.0047326602135585,9.008717,1897.8100374197604,-0.0047326602135585,9.008717,1903.520767071141,1897.8100374197604,9.008717,WETH_OUT,2026-08-18 08:35:17+00:00,0.003,30.0
176,base,50126389,1787042125,1b77436dcf91effc3d981266b5b1649245e232c9d114ee721c9acf7eabe51790,44,104,0xb4cb800910b228ed3d0834cf79d697127bbb00e5,100,0x83d55acdc72027ed339d267eebaf9a41e47490d5,0x51c72848c68a965f66fa7a88855f9f7784502a7f,-137736082423993185,261411539,3451468688974214512198277,172415096172701489,-200836,0x4200000000000000000000000000000000000006,0x833589fcd6edb6e08f4c7c32d4f71b54bda02913,WETH,18,USDC,6,-0.1377360824239931,261.411539,1897.792422864968,-0.1377360824239931,261.411539,1897.916177079122,1897.792422864968,261.411539,WETH_OUT,2026-08-18 08:35:25+00:00,0.0001,1.0
6947,base,50126389,1787042125,33c8b9625db60d40e693bcbfb9fdaa03ecf215a01366167b7f7b0ede89d069e9,141,522,0xd0b53d9277642d899df5c87a3966a349a798f224,500,0x0b0b18effe597714da672faf5c5f8736532c0a7e,0x0f0067cd819cb8f20bda62046daff7a2b5c88280,-476066613760601272,903557851,3450795356113465011678604,1097294168299450476,-200840,0x4200000000000000000000000000000000000006,0x833589fcd6edb6e08f4c7c32d4f71b54bda02913,WETH,18,USDC,6,-0.4760666137606013,903.557851,1897.0520300226908,-0.4760666137606013,903.557851,1897.965168913043,1897.0520300226908,903.557851,WETH_OUT,2026-08-18 08:35:25+00:00,0.0005,5.0
9950,base,50126390,1787042127,60b76466efd7fb9fe26ac3ef1e6c0d4e91ff2e3b65b0a547b233227de3443f52,61,318,0x6c561b446416e1a00e8e93e221854d6ea4171372,3000,0xcdbdc59a5eeb54027f8b45b118e3cd1f675d79c5,0xcdbdc59a5eeb54027f8b45b118e3cd1f675d79c5,-39592476862525,75366,3451484706700366337384938,32493938858849242187,-200836,0x4200000000000000000000000000000000000006,0x833589fcd6edb6e08f4c7c32d4f71b54bda02913,WETH,18,USDC,6,-3.9592476862525e-05,0.075366,1897.8100376212349,-3.9592476862525e-05,0.075366,1903.5434499763587,1897.8100376212349,0.075366,WETH_OUT,2026-08-18 08:35:27+00:00,0.003,30.0
6948,base,50126390,1787042127,2ae96f02c0ef2cd3e308a9b9e7cc71b13800239214a35d43e25333ff92f568c5,119,446,0xd0b53d9277642d899df5c87a3966a349a798f224,500,0x83d55acdc72027ed339d267eebaf9a41e47490d5,0x51c72848c68a965f66fa7a88855f9f7784502a7f,-493461297811657789,936608398,3450862948434254674326466,1097294168299450476,-200840,0x4200000000000000000000000000000000000006,0x833589fcd6edb6e08f4c7c32d4f71b54bda02913,WETH,18,USDC,6,-0.4934612978116578,936.608398,1897.1263476173012,-0.4934612978116578,936.608398,1898.038209183896,1897.1263476173012,936.608398,WETH_OUT,2026-08-18 08:35:27+00:00,0.0005,5.0
177,base,50126390,1787042127,602b3b25b737810b51f589e0699ca6c1e093faa92d052df804949478fc12db37,128,461,0xb4cb800910b228ed3d0834cf79d697127bbb00e5,100,0x83d55acdc72027ed339d267eebaf9a41e47490d5,0x51c72848c68a965f66fa7a88855f9f7784502a7f,-143417614859085693,272213948,3451593764183059060610347,172415096172701489,-200836,0x4200000000000000000000000000000000000006,0x833589fcd6edb6e08f4c7c32d4f71b54bda02913,WETH,18,USDC,6,-0.1434176148590857,272.213948,1897.929970735688,-0.1434176148590857,272.213948,1898.0510048745589,1897.929970735688,272.213948,WETH_OUT,2026-08-18 08:35:27+00:00,0.0001,1.0
178,base,50126393,1787042133,b4abc565f12b0dc026dfe403d0bbed26b3746266f6ec53ab9eb80f4209f972e5,21,54,0xb4cb800910b228ed3d0834cf79d697127bbb00e5,100,0x7c137a37742437d2212b7bd873ed135b5c4c61da,0x7c137a37742437d2212b7bd873ed135b5c4c61da,10781447904461,-20460,3451593754781104782739266,172415096172701489,-200836,0x4200000000000000000000000000000000000006,0x833589fcd6edb6e08f4c7c32d4f71b54bda02913,WETH,18,USDC,6,1.0781447904461e-05,-0.02046,1897.929960395971,1.0781447904461e-05,-0.02046,1897.7042954995256,1897.929960395971,0.02046,WETH_IN,2026-08-18 08:35:33+00:00,0.0001,1.0
6949,base,50126393,1787042133,fb34790a4035236aaec5759d2735a13c6f16b40bfdbe55be39dc38cbfa43bb55,128,436,0xd0b53d9277642d899df5c87a3966a349a798f224,500,0x83d55acdc72027ed339d267eebaf9a41e47490d5,0x51c72848c68a965f66fa7a88855f9f7784502a7f,-182926095870963559,347210042,3450888005579315774952733,1097294168299450476,-200840,0x4200000000000000000000000000000000000006,0x833589fcd6edb6e08f4c7c32d4f71b54bda02913,WETH,18,USDC,6,-0.1829260958709635,347.210042,1897.153898258046,-0.1829260958709635,347.210042,1898.0891728259628,1897.153898258046,347.210042,WETH_OUT,2026-08-18 08:35:33+00:00,0.0005,5.0
9951,base,50126393,1787042133,301b03ea05c62493eb8a0478d614e8dd4ba702692325b14276d6d0454eeb96b7,178,727,0x6c561b446416e1a00e8e93e221854d6ea4171372,3000,0xcdbdc59a5eeb54027f8b45b118e3cd1f675d79c5,0xcdbdc59a5eeb54027f8b45b118e3cd1f675d79c5,-25484110126727,48510,3451484706818289586655666,32493938858849242187,-200836,0x4200000000000000000000000000000000000006,0x833589fcd6edb6e08f4c7c32d4f71b54bda02913,WETH,18,USDC,6,-2.5484110126727e-05,0.04851,1897.810037750916,-2.5484110126727e-05,0.04851,1903.539097844508,1897.810037750916,0.04851,WETH_OUT,2026-08-18 08:35:33+00:00,0.003,30.0
179,base,50126394,1787042135,19488ee371fd154bd0d7d4677e20f2074309a98c5fe27c1a69af1f6191859fdc,7,17,0xb4cb800910b228ed3d0834cf79d697127bbb00e5,100,0x75cf59a923a2649b84fa569bb97ea9694b6f26e4,0x14430084a1033f4366aafd9e7be3fd95fd4c71c1,5734786303778631,-10883118,3451588753771886873248092,172415096172701489,-200836,0x4200000000000000000000000000000000000006,0x833589fcd6edb6e08f4c7c32d4f71b54bda02913,WETH,18,USDC,6,0.0057347863037786,-10.883118,1897.9244605839856,0.0057347863037786,-10.883118,1897.7373215858368,1897.9244605839856,10.883118,WETH_IN,2026-08-18 08:35:35+00:00,0.0001,1.0
6950,base,50126395,1787042137,7aefdeb0fda07407a6244d3285d86c32b3f0e58c10a936542aef1d9220bc2e4c,44,187,0xd0b53d9277642d899df5c87a3966a349a798f224,500,0xc174cfd48383e7041d0224b004192cbcca3eeb7b,0x01989c93890aed05a63d179b03424997075b6acf,-741027465770784166,1406587793,3450989514954625000000000,1097294168299450476,-200839,0x4200000000000000000000000000000000000006,0x833589fcd6edb6e08f4c7c32d4f71b54bda02913,WETH,18,USDC,6,-0.7410274657707842,1406.587793,1897.265511117787,-0.7410274657707842,1406.587793,1898.1587835437776,1897.265511117787,1406.587793,WETH_OUT,2026-08-18 08:35:37+00:00,0.0005,5.0
6951,base,50126396,1787042139,1157a67aa504d28dd451c37ddca4a840bbfeccb002900b1390efc30f468da12a,81,328,0xd0b53d9277642d899df5c87a3966a349a798f224,500,0x83d55acdc72027ed339d267eebaf9a41e47490d5,0x51c72848c68a965f66fa7a88855f9f7784502a7f,-154385364727668539,293058353,3451010664128825896965258,1097294168299450476,-200839,0x4200000000000000000000000000000000000006,0x833589fcd6edb6e08f4c7c32d4f71b54bda02913,WETH,18,USDC,6,-0.1543853647276685,293.058353,1897.288765735965,-0.1543853647276685,293.058353,1898.2262568537292,1897.288765735965,293.058353,WETH_OUT,2026-08-18 08:35:39+00:00,0.0005,5.0
180,base,50126396,1787042139,19bff7af3dcc1e95134bca7e1b46e64289bda28eb8342f297890422b064bf7e7,82,331,0xb4cb800910b228ed3d0834cf79d697127bbb00e5,100,0x83d55acdc72027ed339d267eebaf9a41e47490d5,0x51c72848c68a965f66fa7a88855f9f7784502a7f,-136908053138305135,259876120,3451708160070664953529482,172415096172701489,-200835,0x4200000000000000000000000000000000000006,0x833589fcd6edb6e08f4c7c32d4f71b54bda02913,WETH,18,USDC,6,-0.1369080531383051,259.87612,1898.055778693616,-0.1369080531383051,259.87612,1898.1799393310484,1898.055778693616,259.87612,WETH_OUT,2026-08-18 08:35:39+00:00,0.0001,1.0
6952,base,50126396,1787042139,32c86e703a126f7fa37f75419771e753d02d866e66c31556e818e6f5fd779f75,135,1658,0xd0b53d9277642d899df5c87a3966a349a798f224,500,0x83d55acdc72027ed339d267eebaf9a41e47490d5,0x51c72848c68a965f66fa7a88855f9f7784502a7f,-1336911430723979884,2537910613,3451193817801967813564641,1097294168299450476,-200838,0x4200000000000000000000000000000000000006,0x833589fcd6edb6e08f4c7c32d4f71b54bda02913,WETH,18,USDC,6,-1.3369114307239798,2537.910613,1897.490158696751,-1.3369114307239798,2537.910613,1898.338629377745,1897.490158696751,2537.910613,WETH_OUT,2026-08-18 08:35:39+00:00,0.0005,5.0
181,base,50126396,1787042139,b20f373a460099a77b5d302016c20e0b70f0ef7d19311a6e99a2666207d03e5c,152,1685,0xb4cb800910b228ed3d0834cf79d697127bbb00e5,100,0x83d55acdc72027ed339d267eebaf9a41e47490d5,0x51c72848c68a965f66fa7a88855f9f7784502a7f,-199441809259104608,378608618,3451882120855564558764751,172415096172701489,-200834,0x4200000000000000000000000000000000000006,0x833589fcd6edb6e08f4c7c32d4f71b54bda02913,WETH,18,USDC,6,-0.1994418092591046,378.608618,1898.247101701355,-0.1994418092591046,378.608618,1898.3412726071444,1898.247101701355,378.608618,WETH_OUT,2026-08-18 08:35:39+00:00,0.0001,1.0
6953,base,50126397,1787042141,e3aac9be62bedce338b8a84ae3b8c27c758300dd741de11a1d04d7c7a93fed7f,70,281,0xd0b53d9277642d899df5c87a3966a349a798f224,500,0x278d858f05b94576c1e6f73285886876ff6ef8d2,0x278d858f05b94576c1e6f73285886876ff6ef8d2,-139236238952479846,264333021,3451212893951974742680087,1097294168299450476,-200838,0x4200000000000000000000000000000000000006,0x833589fcd6edb6e08f4c7c32d4f71b54bda02913,WETH,18,USDC,6,-0.1392362389524798,264.333021,1897.5111351523492,-0.1392362389524798,264.333021,1898.4498790592488,1897.5111351523492,264.333021,WETH_OUT,2026-08-18 08:35:41+00:00,0.0005,5.0
6954,base,50126397,1787042141,5dae2f2d6f1f7ccd30745ea67f66de6549cd9604ac88e5420b3cdb2a07c7cd7c,77,298,0xd0b53d9277642d899df5c87a3966a349a798f224,500,0xc774f0643949d72bc72c470b382b68006a507c6f,0xc774f0643949d72bc72c470b382b68006a507c6f,-106737396189936853,202637576,3451227517720030360736993,1097294168299450476,-200838,0x4200000000000000000000000000000000000006,0x833589fcd6edb6e08f4c7c32d4f71b54bda02913,WETH,18,USDC,6,-0.1067373961899368,202.637576,1897.527215772332,-0.1067373961899368,202.637576,1898.4684209404068,1897.527215772332,202.637576,WETH_OUT,2026-08-18 08:35:41+00:00,0.0005,5.0
182,base,50126397,1787042141,bf51db12e67384cd0b54d1f56e27b4699d83bb161f6ec6d9db0d4c7a1981ab7a,114,2718,0xb4cb800910b228ed3d0834cf79d697127bbb00e5,100,0xc774f0643949d72bc72c470b382b68006a507c6f,0xc774f0643949d72bc72c470b382b68006a507c6f,-31578011954874814,59949343,3451909666015022266644919,172415096172701489,-200834,0x4200000000000000000000000000000000000006,0x833589fcd6edb6e08f4c7c32d4f71b54bda02913,WETH,18,USDC,6,-0.0315780119548748,59.949343,1898.2773969002617,-0.0315780119548748,59.949343,1898.452096530586,1898.2773969002617,59.949343,WETH_OUT,2026-08-18 08:35:41+00:00,0.0001,1.0
183,base,50126398,1787042143,0049d47b0a481fecc55013730d637fcab58e11a076fd4d916d8a140c791e6906,102,927,0xb4cb800910b228ed3d0834cf79d697127bbb00e5,100,0x2aa7d880b7ad5964c02b919074fb27a71a7ddd07,0x2aa7d880b7ad5964c02b919074fb27a71a7ddd07,5579317369110528,-10590018,3451904799691325433437505,172415096172701489,-200834,0x4200000000000000000000000000000000000006,0x833589fcd6edb6e08f4c7c32d4f71b54bda02913,WETH,18,USDC,6,0.0055793173691105,-10.590018,1898.2720447174631,0.0055793173691105,-10.590018,1898.0848909278477,1898.2720447174631,10.590018,WETH_IN,2026-08-18 08:35:43+00:00,0.0001,1.0
184,base,50126398,1787042143,5b4b2bc3837d52fe4f6a9041eb2a1fa8fd4bf9dda4f4818b66aa463d857a173c,136,1033,0xb4cb800910b228ed3d0834cf79d697127bbb00e5,100,0x411d2c093e4c2e69bf0d8e94be1bf13dadd879c6,0xc8f6b8ba0dc0f175b568b99440b0867f69a29265,-35950145936261171,68250603,3451936159062835033760553,172415096172701489,-200834,0x4200000000000000000000000000000000000006,0x833589fcd6edb6e08f4c7c32d4f71b54bda02913,WETH,18,USDC,6,-0.0359501459362611,68.250603,1898.3065351754155,-0.0359501459362611,68.250603,1898.4791639234743,1898.3065351754155,68.250603,WETH_OUT,2026-08-18 08:35:43+00:00,0.0001,1.0
6955,base,50126400,1787042147,3a6ff085330f80d53e7ba3e823d4c518f364043065310ae5307109ee794e5804,82,471,0xd0b53d9277642d899df5c87a3966a349a798f224,500,0x83d55acdc72027ed339d267eebaf9a41e47490d5,0x51c72848c68a965f66fa7a88855f9f7784502a7f,-938328281701495672,1781460509,3451356080575657306313822,1097294168299450476,-200837,0x4200000000000000000000000000000000000006,0x833589fcd6edb6e08f4c7c32d4f71b54bda02913,WETH,18,USDC,6,-0.9383282817014956,1781.460509,1897.6685892749467,-0.9383282817014956,1781.460509,1898.5471755893689,1897.6685892749467,1781.460509,WETH_OUT,2026-08-18 08:35:47+00:00,0.0005,5.0
185,base,50126400,1787042147,ed193f009c02d02d88b331cbd884808e65cfc363b0f79f6b1c3b6008a44dd9e3,100,511,0xb4cb800910b228ed3d0834cf79d697127bbb00e5,100,0x83d55acdc72027ed339d267eebaf9a41e47490d5,0x51c72848c68a965f66fa7a88855f9f7784502a7f,-143594544592501215,272623617,3452061422503884735978238,172415096172701489,-200833,0x4200000000000000000000000000000000000006,0x833589fcd6edb6e08f4c7c32d4f71b54bda02913,WETH,18,USDC,6,-0.1435945445925012,272.623617,1898.4443087101647,-0.1435945445925012,272.623617,1898.5652816662573,1898.4443087101647,272.623617,WETH_OUT,2026-08-18 08:35:47+00:00,0.0001,1.0
6956,base,50126400,1787042147,79900b20d6250667a754df01b0ec866e1390b93a8ae4b368678357cb48f40a5c,154,646,0xd0b53d9277642d899df5c87a3966a349a798f224,500,0xecec48ec5a7b7f7b96460b0f4e2b99cf0db94cb1,0xecec48ec5a7b7f7b96460b0f4e2b99cf0db94cb1,-379227672543984024,720019287,3451408042286381985948106,1097294168299450476,-200837,0x4200000000000000000000000000000000000006,0x833589fcd6edb6e08f4c7c32d4f71b54bda02913,WETH,18,USDC,6,-0.379227672543984,720.019287,1897.725730205216,-0.379227672543984,720.019287,1898.6464837069343,1897.725730205216,720.019287,WETH_OUT,2026-08-18 08:35:47+00:00,0.0005,5.0
6957,base,50126400,1787042147,f50238861e0f0b67f40c0b6c40110f988c32688bd75d473ec64b9912e7e997c0,162,655,0xd0b53d9277642d899df5c87a3966a349a798f224,500,0xc174cfd48383e7041d0224b004192cbcca3eeb7b,0x01989c93890aed05a63d179b03424997075b6acf,-353383461833144059,670969782,3451456464236107600000000,1097294168299450476,-200836,0x4200000000000000000000000000000000000006,0x833589fcd6edb6e08f4c7c32d4f71b54bda02913,WETH,18,USDC,6,-0.353383461833144,670.969782,1897.778979327532,-0.353383461833144,670.969782,1898.701706410952,1897.778979327532,670.969782,WETH_OUT,2026-08-18 08:35:47+00:00,0.0005,5.0
186,base,50126400,1787042147,ad1c14488ac706614b9a2d1fc4a45ef029e8681dc917bec0679897ecbf3f4ae4,252,2028,0xb4cb800910b228ed3d0834cf79d697127bbb00e5,100,0x0b0b18effe597714da672faf5c5f8736532c0a7e,0x0f0067cd819cb8f20bda62046daff7a2b5c88280,-253838542499039590,481977449,3452282878570471619394668,172415096172701489,-200832,0x4200000000000000000000000000000000000006,0x833589fcd6edb6e08f4c7c32d4f71b54bda02913,WETH,18,USDC,6,-0.2538385424990396,481.977449,1898.687893886212,-0.2538385424990396,481.977449,1898.7559739940737,1898.687893886212,481.977449,WETH_OUT,2026-08-18 08:35:47+00:00,0.0001,1.0
6958,base,50126400,1787042147,a00deda376db08457e67ff50b677437a08c21dc8612667fd1b9c34ecc43748a8,288,2145,0xd0b53d9277642d899df5c87a3966a349a798f224,500,0x0b0b18effe597714da672faf5c5f8736532c0a7e,0x0f0067cd819cb8f20bda62046daff7a2b5c88280,-1015328018171530467,1927909799,3451595595913733499137149,1097294168299450476,-200836,0x4200000000000000000000000000000000000006,0x833589fcd6edb6e08f4c7c32d4f71b54bda02913,WETH,18,USDC,6,-1.0153280181715305,1927.909799,1897.9319851659516,-1.0153280181715305,1927.909799,1898.8048832454235,1897.9319851659516,1927.909799,WETH_OUT,2026-08-18 08:35:47+00:00,0.0005,5.0
187,base,50126401,1787042149,94389d9aa0a0b257c01d493749379284ea90f548613e67f0e2c9e625b2f219f9,17,30,0xb4cb800910b228ed3d0834cf79d697127bbb00e5,100,0x7747f8d2a76bd6345cc29622a946a929647f2359,0x7747f8d2a76bd6345cc29622a946a929647f2359,5400000000000000,-10251875,3452278167630049270579632,172415096172701489,-200832,0x4200000000000000000000000000000000000006,0x833589fcd6edb6e08f4c7c32d4f71b54bda02913,WETH,18,USDC,6,0.0054,-10.251875,1898.6827120400187,0.0054,-10.251875,1898.4953703703704,1898.6827120400187,10.251875,WETH_IN,2026-08-18 08:35:49+00:00,0.0001,1.0
188,base,50126401,1787042149,e41f3d404fa01374b450af40415f730606545f47bfe48a314d8a9142fa4babf5,48,178,0xb4cb800910b228ed3d0834cf79d697127bbb00e5,100,0x37903bfc76aaaabccb71425bd6767fcd70ad67b1,0x37903bfc76aaaabccb71425bd6767fcd70ad67b1,42608587318067438,-80891227,3452240996503904527167427,172415096172701489,-200832,0x4200000000000000000000000000000000000006,0x833589fcd6edb6e08f4c7c32d4f71b54bda02913,WETH,18,USDC,6,0.0426085873180674,-80.891227,1898.641825534807,0.0426085873180674,-80.891227,1898.4723993817904,1898.641825534807,80.891227,WETH_IN,2026-08-18 08:35:49+00:00,0.0001,1.0
189,base,50126402,1787042151,155a32289306f09172166a61ea7308fdbdd84bea048734612d0b0e7082c5e15d,97,1515,0xb4cb800910b228ed3d0834cf79d697127bbb00e5,100,0x6ff5693b99212da76ad316178a184ab56d299b43,0x6ff5693b99212da76ad316178a184ab56d299b43,4650252744058918,-8828271,3452236939737934121186962,172415096172701489,-200832,0x4200000000000000000000000000000000000006,0x833589fcd6edb6e08f4c7c32d4f71b54bda02913,WETH,18,USDC,6,0.0046502527440589,-8.828271,1898.63736330808,0.0046502527440589,-8.828271,1898.449715723268,1898.63736330808,8.828271,WETH_IN,2026-08-18 08:35:51+00:00,0.0001,1.0
6959,base,50126404,1787042155,09963b39046712f7423fbeea5193250cb7dbfdb70e94dc52342a5abc297fde20,63,217,0xd0b53d9277642d899df5c87a3966a349a798f224,500,0x83d55acdc72027ed339d267eebaf9a41e47490d5,0x51c72848c68a965f66fa7a88855f9f7784502a7f,-737909618198638730,1401243920,3451696719637186958884593,1097294168299450476,-200835,0x4200000000000000000000000000000000000006,0x833589fcd6edb6e08f4c7c32d4f71b54bda02913,WETH,18,USDC,6,-0.7379096181986388,1401.24392,1898.0431967811944,-0.7379096181986388,1401.24392,1898.9370587426024,1898.0431967811944,1401.24392,WETH_OUT,2026-08-18 08:35:55+00:00,0.0005,5.0
6960,base,50126404,1787042155,2e4ede9d257f1c086f6fbd474ba4e3f80735e50ad4ecb1b6fd8a595784926cc5,71,232,0xd0b53d9277642d899df5c87a3966a349a798f224,500,0xc174cfd48383e7041d0224b004192cbcca3eeb7b,0x01989c93890aed05a63d179b03424997075b6acf,-112933335600454937,214460542,3451712196634520000000000,1097294168299450476,-200835,0x4200000000000000000000000000000000000006,0x833589fcd6edb6e08f4c7c32d4f71b54bda02913,WETH,18,USDC,6,-0.1129333356004549,214.460542,1898.0602180190024,-0.1129333356004549,214.460542,1899.0012192567883,1898.0602180190024,214.460542,WETH_OUT,2026-08-18 08:35:55+00:00,0.0005,5.0
190,base,50126404,1787042155,308082fb1b1e98a3bf423cebe6f6e18bd7911f888c48672c7508a4d014662432,75,241,0xb4cb800910b228ed3d0834cf79d697127bbb00e5,100,0x83d55acdc72027ed339d267eebaf9a41e47490d5,0x51c72848c68a965f66fa7a88855f9f7784502a7f,-186368379250058098,353898025,3452399546649833664761618,172415096172701489,-200831,0x4200000000000000000000000000000000000006,0x833589fcd6edb6e08f4c7c32d4f71b54bda02913,WETH,18,USDC,6,-0.1863683792500581,353.898025,1898.8162263668876,-0.1863683792500581,353.898025,1898.9166854596103,1898.8162263668876,353.898025,WETH_OUT,2026-08-18 08:35:55+00:00,0.0001,1.0
191,base,50126405,1787042157,c1f36ff3fab24b96b15fb4769e1fb1c673874de6eb77c4a05b3513903b1539a6,94,378,0xb4cb800910b228ed3d0834cf79d697127bbb00e5,100,0x2aa7d880b7ad5964c02b919074fb27a71a7ddd07,0x2aa7d880b7ad5964c02b919074fb27a71a7ddd07,2701456527327232,-5129053,3452397189748053831721128,172415096172701489,-200831,0x4200000000000000000000000000000000000006,0x833589fcd6edb6e08f4c7c32d4f71b54bda02913,WETH,18,USDC,6,0.0027014565273272,-5.129053,1898.8136337806263,0.0027014565273272,-5.129053,1898.6250373144387,1898.8136337806263,5.129053,WETH_IN,2026-08-18 08:35:57+00:00,0.0001,1.0
192,base,50126411,1787042169,5e25d4bc484314e440bbda5bac0788779a9b81e1ddcc745c95bfbf4b686c2f39,100,329,0xb4cb800910b228ed3d0834cf79d697127bbb00e5,100,0x2626664c2603336e57b271c5c0b26f421741e481,0x2626664c2603336e57b271c5c0b26f421741e481,-583191429153703,1107483,3452397698607490895544968,172415096172701489,-200831,0x4200000000000000000000000000000000000006,0x833589fcd6edb6e08f4c7c32d4f71b54bda02913,WETH,18,USDC,6,-0.0005831914291537,1.107483,1898.8141935246272,-0.0005831914291537,1.107483,1899.004245667879,1898.8141935246272,1.107483,WETH_OUT,2026-08-18 08:36:09+00:00,0.0001,1.0
193,base,50126411,1787042169,89ccfdb5468a87137e7293ebcae7c38e37f3be5afd21739a047a2edcab039c81,149,487,0xb4cb800910b228ed3d0834cf79d697127bbb00e5,100,0xc774f0643949d72bc72c470b382b68006a507c6f,0xc774f0643949d72bc72c470b382b68006a507c6f,63235019040010029,-120057625,3452342529742848782996926,172415096172701489,-200831,0x4200000000000000000000000000000000000006,0x833589fcd6edb6e08f4c7c32d4f71b54bda02913,WETH,18,USDC,6,0.06323501904001,-120.057625,1898.7535084035148,0.06323501904001,-120.057625,1898.5939566814584,1898.7535084035148,120.057625,WETH_IN,2026-08-18 08:36:09+00:00,0.0001,1.0
194,base,50126414,1787042175,5962c48db1c0559c6e91e3803d0b0ecb62a2872b3bb97e8c6eee0640213436dd,87,420,0xb4cb800910b228ed3d0834cf79d697127bbb00e5,100,0xc774f0643949d72bc72c470b382b68006a507c6f,0xc774f0643949d72bc72c470b382b68006a507c6f,86838601003454201,-164864991,3452266771003261871458198,172415096172701489,-200832,0x4200000000000000000000000000000000000006,0x833589fcd6edb6e08f4c7c32d4f71b54bda02913,WETH,18,USDC,6,0.0868386010034542,-164.864991,1898.67017623526,0.0868386010034542,-164.864991,1898.5219602218383,1898.67017623526,164.864991,WETH_IN,2026-08-18 08:36:15+00:00,0.0001,1.0
195,base,50126416,1787042179,7762aab68e077c57aeebe8dd435acbbbe8c1fb09b26f92babe306d0d34d0a79d,59,292,0xb4cb800910b228ed3d0834cf79d697127bbb00e5,100,0xc774f0643949d72bc72c470b382b68006a507c6f,0xc774f0643949d72bc72c470b382b68006a507c6f,31577673092165164,-59949112,3452239223195039320964328,172415096172701489,-200832,0x4200000000000000000000000000000000000006,0x833589fcd6edb6e08f4c7c32d4f71b54bda02913,WETH,18,USDC,6,0.0315776730921651,-59.949112,1898.6398749887585,0.0315776730921651,-59.949112,1898.4651536871525,1898.6398749887585,59.949112,WETH_IN,2026-08-18 08:36:19+00:00,0.0001,1.0
196,base,50126416,1787042179,bcdf22357c3a87a7f793c0f90804c83f13f859e5b213972e5ef179ce7203e093,72,321,0xb4cb800910b228ed3d0834cf79d697127bbb00e5,100,0x5692193a40e908d94bddbc988356cd7f1679eab4,0x9a972d8c3a8dd27e5811cbcb75ebdac924fb53a1,1651431403695804,-3135158,3452237782527341473123644,172415096172701489,-200832,0x4200000000000000000000000000000000000006,0x833589fcd6edb6e08f4c7c32d4f71b54bda02913,WETH,18,USDC,6,0.0016514314036958,-3.135158,1898.638290331155,0.0016514314036958,-3.135158,1898.4488202075515,1898.638290331155,3.135158,WETH_IN,2026-08-18 08:36:19+00:00,0.0001,1.0
197,base,50126418,1787042183,ad99f66202186f5fefdddc5ae7898cc1bdb1e06c94352e60bbcdecdf7502a908,9,8,0xb4cb800910b228ed3d0834cf79d697127bbb00e5,100,0x83d55acdc72027ed339d267eebaf9a41e47490d5,0x51c72848c68a965f66fa7a88855f9f7784502a7f,168265018541316576,-319428877,3452090998611209943154763,172415096172701489,-200833,0x4200000000000000000000000000000000000006,0x833589fcd6edb6e08f4c7c32d4f71b54bda02913,WETH,18,USDC,6,0.1682650185413165,-319.428877,1898.476839320884,0.1682650185413165,-319.428877,1898.3677045241936,1898.476839320884,319.428877,WETH_IN,2026-08-18 08:36:23+00:00,0.0001,1.0
9952,base,50126420,1787042187,c4473dbca1586c1f1627e4ce15b9c8a4a27ca92c416b9fd647b1bb3d56541ea5,3,12,0x6c561b446416e1a00e8e93e221854d6ea4171372,3000,0x2626664c2603336e57b271c5c0b26f421741e481,0xd0a40c6526acdebd4f6d87931098ff37a9f8e4bf,-4885286069130318,9299243,3451484729422707127886113,32495932578045430852,-200836,0x4200000000000000000000000000000000000006,0x833589fcd6edb6e08f4c7c32d4f71b54bda02913,WETH,18,USDC,6,-0.0048852860691303,9.299243,1897.81006260914,-0.0048852860691303,9.299243,1903.5206676556932,1897.81006260914,9.299243,WETH_OUT,2026-08-18 08:36:27+00:00,0.003,30.0
198,base,50126420,1787042187,1801854727930fa7f09fe349a1e94b992940b68d5928e706bbe3f195c9fc9b93,47,553,0xb4cb800910b228ed3d0834cf79d697127bbb00e5,100,0x8f10b468b06c6fd214b65f87778827f7d113f996,0x8f10b468b06c6fd214b65f87778827f7d113f996,1306428041920667,-2479974,3452089859013633204755835,172415096172701489,-200833,0x4200000000000000000000000000000000000006,0x833589fcd6edb6e08f4c7c32d4f71b54bda02913,WETH,18,USDC,6,0.0013064280419206,-2.479974,1898.475585878116,0.0013064280419206,-2.479974,1898.2859525535173,1898.475585878116,2.479974,WETH_IN,2026-08-18 08:36:27+00:00,0.0001,1.0
9953,base,50126423,1787042193,d044cfae78b8d8583e5effef01925549fe95733ceebf26bb2e8000a976992540,98,361,0x6c561b446416e1a00e8e93e221854d6ea4171372,3000,0x2626664c2603336e57b271c5c0b26f421741e481,0xd0a40c6526acdebd4f6d87931098ff37a9f8e4bf,24750000000000000,-46829885,3451484615247010259465652,32495932578045430852,-200836,0x4200000000000000000000000000000000000006,0x833589fcd6edb6e08f4c7c32d4f71b54bda02913,WETH,18,USDC,6,0.02475,-46.829885,1897.8099370493885,0.02475,-46.829885,1892.1165656565652,1897.8099370493885,46.829885,WETH_IN,2026-08-18 08:36:33+00:00,0.003,30.0
199,base,50126425,1787042197,c5f8961e806ade17a69466278bb233deb02df61ad1957fd625cfaba76809f1f8,3,7,0xb4cb800910b228ed3d0834cf79d697127bbb00e5,100,0x83d55acdc72027ed339d267eebaf9a41e47490d5,0x51c72848c68a965f66fa7a88855f9f7784502a7f,-177989706364976683,337958108,3452245141949425783917463,172415096172701489,-200832,0x4200000000000000000000000000000000000006,0x833589fcd6edb6e08f4c7c32d4f71b54bda02913,WETH,18,USDC,6,-0.1779897063649766,337.958108,1898.6463853097391,-0.1779897063649766,337.958108,1898.7508598221975,1898.6463853097391,337.958108,WETH_OUT,2026-08-18 08:36:37+00:00,0.0001,1.0
200,base,50126425,1787042197,2ce7c6c7bd8ad95ca279e87d57e4c49d0c1cb6a19f02dfaaada0eb85e2e29da2,131,659,0xb4cb800910b228ed3d0834cf79d697127bbb00e5,100,0xc774f0643949d72bc72c470b382b68006a507c6f,0xc774f0643949d72bc72c470b382b68006a507c6f,-31571371154166393,59949343,3452272687108883491797631,172415096172701489,-200832,0x4200000000000000000000000000000000000006,0x833589fcd6edb6e08f4c7c32d4f71b54bda02913,WETH,18,USDC,6,-0.0315713711541663,59.949343,1898.6766836946615,-0.0315713711541663,59.949343,1898.8514216649296,1898.6766836946615,59.949343,WETH_OUT,2026-08-18 08:36:37+00:00,0.0001,1.0
6961,base,50126425,1787042197,998f3be104963ed019473edf813f0a02f8346e625f5516f7577a20646329a401,141,729,0xd0b53d9277642d899df5c87a3966a349a798f224,500,0x6ff5693b99212da76ad316178a184ab56d299b43,0x6ff5693b99212da76ad316178a184ab56d299b43,-1386575531233642,2633121,3451712386659219885936105,1097294168299450476,-200835,0x4200000000000000000000000000000000000006,0x833589fcd6edb6e08f4c7c32d4f71b54bda02913,WETH,18,USDC,6,-0.0013865755312336,2.633121,1898.0604270041745,-0.0013865755312336,2.633121,1899.0101445518087,1898.0604270041745,2.633121,WETH_OUT,2026-08-18 08:36:37+00:00,0.0005,5.0
201,base,50126425,1787042197,a1b74242c7dead755128488f7f1557996fdf7d0e82bc91e9a5e9e86ac1d56bbb,180,861,0xb4cb800910b228ed3d0834cf79d697127bbb00e5,100,0x83d55acdc72027ed339d267eebaf9a41e47490d5,0x51c72848c68a965f66fa7a88855f9f7784502a7f,-136612476247634333,259417821,3452391882831302757869824,172415096172701489,-200831,0x4200000000000000000000000000000000000006,0x833589fcd6edb6e08f4c7c32d4f71b54bda02913,WETH,18,USDC,6,-0.1366124762476343,259.417821,1898.8077961915071,-0.1366124762476343,259.417821,1898.932133619767,1898.8077961915071,259.417821,WETH_OUT,2026-08-18 08:36:37+00:00,0.0001,1.0
9954,base,50126426,1787042199,be87f9fbaa9a447aa9228981c13dea177d7e9afeea5246707bc6ba695a43f99b,115,494,0x6c561b446416e1a00e8e93e221854d6ea4171372,3000,0xa9595ef01554ff0de2ba6b5dc23e05a670c371f3,0xa9595ef01554ff0de2ba6b5dc23e05a670c371f3,49500000000000000,-93659760,3451484386895639184331065,32495932578045430852,-200836,0x4200000000000000000000000000000000000006,0x833589fcd6edb6e08f4c7c32d4f71b54bda02913,WETH,18,USDC,6,0.0495,-93.65976,1897.809685929922,0.0495,-93.65976,1892.116363636364,1897.809685929922,93.65976,WETH_IN,2026-08-18 08:36:39+00:00,0.003,30.0
9955,base,50126426,1787042199,cd77b3450ae8c087eed2762f164b97271586114e38a9161e5ea2a4b095ed84d3,119,519,0x6c561b446416e1a00e8e93e221854d6ea4171372,3000,0xcdbdc59a5eeb54027f8b45b118e3cd1f675d79c5,0xcdbdc59a5eeb54027f8b45b118e3cd1f675d79c5,-39720526539018,75609,3451484387079427642542148,32495932578045430852,-200836,0x4200000000000000000000000000000000000006,0x833589fcd6edb6e08f4c7c32d4f71b54bda02913,WETH,18,USDC,6,-3.9720526539018e-05,0.075609,1897.809686132036,-3.9720526539018e-05,0.075609,1903.5246153076112,1897.809686132036,0.075609,WETH_OUT,2026-08-18 08:36:39+00:00,0.003,30.0
202,base,50126427,1787042201,fd2994b2df0037a3d0786b4b428f470b912ec1c6f3aa1b36974e615f75a52cf2,97,470,0xb4cb800910b228ed3d0834cf79d697127bbb00e5,100,0x11111605b53ecef22726df86881e4d6d40b5ca11,0x111111125421ca6dc452d289314280a0f8842a65,13689948036818792,-25991890,3452379939041084998769300,172415096172701489,-200831,0x4200000000000000000000000000000000000006,0x833589fcd6edb6e08f4c7c32d4f71b54bda02913,WETH,18,USDC,6,0.0136899480368187,-25.99189,1898.7946580985436,0.0136899480368187,-25.99189,1898.61129714265,1898.7946580985436,25.99189,WETH_IN,2026-08-18 08:36:41+00:00,0.0001,1.0
6962,base,50126428,1787042203,665ce0ffb5f2740144e07e38a241357c1ec8c2bd27b7ad6b2e3865da1c921849,90,242,0xd0b53d9277642d899df5c87a3966a349a798f224,500,0x83d55acdc72027ed339d267eebaf9a41e47490d5,0x51c72848c68a965f66fa7a88855f9f7784502a7f,-1718340091251594295,3263367542,3451947894462051573366307,1097294168299450476,-200834,0x4200000000000000000000000000000000000006,0x833589fcd6edb6e08f4c7c32d4f71b54bda02913,WETH,18,USDC,6,-1.7183400912515945,3263.367542,1898.3194423798752,-1.7183400912515945,3263.367542,1899.1395001574151,1898.3194423798752,3263.367542,WETH_OUT,2026-08-18 08:36:43+00:00,0.0005,5.0
203,base,50126428,1787042203,ad5d107d8e04691c7458018c297c5c2ab59ec5221b3c27dfed8602a693cc5fa8,99,263,0xb4cb800910b228ed3d0834cf79d697127bbb00e5,100,0x83d55acdc72027ed339d267eebaf9a41e47490d5,0x51c72848c68a965f66fa7a88855f9f7784502a7f,-307496565990644817,583976614,3452648261063571635866002,172415096172701489,-200829,0x4200000000000000000000000000000000000006,0x833589fcd6edb6e08f4c7c32d4f71b54bda02913,WETH,18,USDC,6,-0.3074965659906448,583.976614,1899.0898215688972,-0.3074965659906448,583.976614,1899.132148414844,1899.0898215688972,583.976614,WETH_OUT,2026-08-18 08:36:43+00:00,0.0001,1.0
204,base,50126428,1787042203,0c9305dd9ce8219362cb551a219409ab5b61c4ecfdf2ecf1923a8fe18e656905,177,530,0xb4cb800910b228ed3d0834cf79d697127bbb00e5,100,0x05d612135471bb56842269c377cad993559ce984,0x05d612135471bb56842269c377cad993559ce984,30749845942868159,-58390425,3452621429502628902201803,172415096172701489,-200830,0x4200000000000000000000000000000000000006,0x833589fcd6edb6e08f4c7c32d4f71b54bda02913,WETH,18,USDC,6,0.0307498459428681,-58.390425,1899.0603048950652,0.0307498459428681,-58.390425,1898.8851231478295,1899.0603048950652,58.390425,WETH_IN,2026-08-18 08:36:43+00:00,0.0001,1.0
205,base,50126429,1787042205,d930eab0670547981cb0f5dba31cb0d4a4565336cf85bf7d77031d3fcbc107ca,70,326,0xb4cb800910b228ed3d0834cf79d697127bbb00e5,100,0x78e0a685840cb2926fcc6ecf860b0f5f4d940b63,0x78e0a685840cb2926fcc6ecf860b0f5f4d940b63,2888543860941053,-5484966,3452618909051570436843111,172415096172701489,-200830,0x4200000000000000000000000000000000000006,0x833589fcd6edb6e08f4c7c32d4f71b54bda02913,WETH,18,USDC,6,0.002888543860941,-5.484966,1899.0575322268733,0.002888543860941,-5.484966,1898.8688640556293,1899.0575322268733,5.484966,WETH_IN,2026-08-18 08:36:45+00:00,0.0001,1.0
6963,base,50126432,1787042211,1df84355e1872ff9d61fd7e70a3d33e978962d68fd62801121ed81efb4c853f5,91,284,0xd0b53d9277642d899df5c87a3966a349a798f224,500,0x83d55acdc72027ed339d267eebaf9a41e47490d5,0x51c72848c68a965f66fa7a88855f9f7784502a7f,-716709180329249666,1361262323,3452046132829157396768689,1097294168299450476,-200833,0x4200000000000000000000000000000000000006,0x833589fcd6edb6e08f4c7c32d4f71b54bda02913,WETH,18,USDC,6,-0.7167091803292497,1361.262323,1898.4274917836192,-0.7167091803292497,1361.262323,1899.3231290474728,1898.4274917836192,1361.262323,WETH_OUT,2026-08-18 08:36:51+00:00,0.0005,5.0
6964,base,50126432,1787042211,d607c29043c42dce8a3e8242290f2ab4b30870bc292b1d03803e901d4b686ade,100,296,0xd0b53d9277642d899df5c87a3966a349a798f224,500,0xc174cfd48383e7041d0224b004192cbcca3eeb7b,0x01989c93890aed05a63d179b03424997075b6acf,-134510102744595173,255486785,3452064570571901000000000,1097294168299450476,-200833,0x4200000000000000000000000000000000000006,0x833589fcd6edb6e08f4c7c32d4f71b54bda02913,WETH,18,USDC,6,-0.1345101027445951,255.486785,1898.4477712409848,-0.1345101027445951,255.486785,1899.3873306684832,1898.4477712409848,255.486785,WETH_OUT,2026-08-18 08:36:51+00:00,0.0005,5.0
206,base,50126432,1787042211,d2f35e36f0212c2961b0d6370374e2029600dec4bc028dd0e65fbffab1449977,107,305,0xb4cb800910b228ed3d0834cf79d697127bbb00e5,100,0x83d55acdc72027ed339d267eebaf9a41e47490d5,0x51c72848c68a965f66fa7a88855f9f7784502a7f,-151051867018039493,286895828,3452750730201423232713373,172415096172701489,-200829,0x4200000000000000000000000000000000000006,0x833589fcd6edb6e08f4c7c32d4f71b54bda02913,WETH,18,USDC,6,-0.1510518670180395,286.895828,1899.202547204228,-0.1510518670180395,286.895828,1899.3199730906815,1899.202547204228,286.895828,WETH_OUT,2026-08-18 08:36:51+00:00,0.0001,1.0
6965,base,50126432,1787042211,82487461b9e81ca07a3ce74757f3bad57a5bff6c76affa7c9a068d01228845db,192,550,0xd0b53d9277642d899df5c87a3966a349a798f224,500,0xb187a45567336e2abe38da01af9387a91b1da07a,0x1f1bf37df03213a8a21eb8d8c597556d9bb0b789,-526482737237276,1000000,3452064642739010532470175,1097294168299450476,-200833,0x4200000000000000000000000000000000000006,0x833589fcd6edb6e08f4c7c32d4f71b54bda02913,WETH,18,USDC,6,-0.0005264827372372,1.0,1898.4478506169569,-0.0005264827372372,1.0,1899.3975096838144,1898.4478506169569,1.0,WETH_OUT,2026-08-18 08:36:51+00:00,0.0005,5.0
207,base,50126433,1787042213,6de5be232313890ac54d68991968d2f8b1443bf7ba2f8b19a3d294a977968e02,90,480,0xb4cb800910b228ed3d0834cf79d697127bbb00e5,100,0x2ad4fffaac5100b1bedaa60617bcef02e7ecf186,0x2ad4fffaac5100b1bedaa60617bcef02e7ecf186,9383776605282332,-17819868,3452742541618003179065265,172415096172701489,-200829,0x4200000000000000000000000000000000000006,0x833589fcd6edb6e08f4c7c32d4f71b54bda02913,WETH,18,USDC,6,0.0093837766052823,-17.819868,1899.1935388736165,0.0093837766052823,-17.819868,1899.008123229277,1899.1935388736165,17.819868,WETH_IN,2026-08-18 08:36:53+00:00,0.0001,1.0
208,base,50126434,1787042215,785da7e0a3645b4eceb880f28c74d52c73e57755de7016094046ecaf6f2b5cd8,72,217,0xb4cb800910b228ed3d0834cf79d697127bbb00e5,100,0x2aa7d880b7ad5964c02b919074fb27a71a7ddd07,0x2aa7d880b7ad5964c02b919074fb27a71a7ddd07,718395290943488,-1364235,3452741914724909225318061,172415096172701489,-200829,0x4200000000000000000000000000000000000006,0x833589fcd6edb6e08f4c7c32d4f71b54bda02913,WETH,18,USDC,6,0.0007183952909434,-1.364235,1899.1928492240456,0.0007183952909434,-1.364235,1899.0032607372927,1899.1928492240456,1.364235,WETH_IN,2026-08-18 08:36:55+00:00,0.0001,1.0
6966,base,50126435,1787042217,4131bc07715c4630ea2908f8abda27a960e6871dcb400d2264444df7c73c3921,104,465,0xd0b53d9277642d899df5c87a3966a349a798f224,500,0x3753d19f51d2b767f1ec180fb61358d05997af9e,0x3753d19f51d2b767f1ec180fb61358d05997af9e,-117731966607611,223620,3452064658877005847511039,1097294168299450476,-200833,0x4200000000000000000000000000000000000006,0x833589fcd6edb6e08f4c7c32d4f71b54bda02913,WETH,18,USDC,6,-0.0001177319666076,0.22362,1898.447868366996,-0.0001177319666076,0.22362,1899.3991729137028,1898.447868366996,0.22362,WETH_OUT,2026-08-18 08:36:57+00:00,0.0005,5.0
6967,base,50126436,1787042219,8df40f71acc51c89a0d1d0864e0bafd1a3a5fcb0e7e92e9c0df50e7249697cab,46,225,0xd0b53d9277642d899df5c87a3966a349a798f224,500,0x83d55acdc72027ed339d267eebaf9a41e47490d5,0x51c72848c68a965f66fa7a88855f9f7784502a7f,-1308114722316323065,2484758986,3452243976750873692010147,1097294168299450476,-200832,0x4200000000000000000000000000000000000006,0x833589fcd6edb6e08f4c7c32d4f71b54bda02913,WETH,18,USDC,6,-1.308114722316323,2484.758986,1898.6451036512503,-1.308114722316323,2484.758986,1899.4962319513943,1898.6451036512503,2484.758986,WETH_OUT,2026-08-18 08:36:59+00:00,0.0005,5.0
209,base,50126436,1787042219,098142cf25681535efa0432218573ee897b35ec1554b392cec0d6e6d3cd2e6d6,53,237,0xb4cb800910b228ed3d0834cf79d697127bbb00e5,100,0x83d55acdc72027ed339d267eebaf9a41e47490d5,0x51c72848c68a965f66fa7a88855f9f7784502a7f,-237068009532860193,450309880,3452948820369617388107872,172415096172701489,-200828,0x4200000000000000000000000000000000000006,0x833589fcd6edb6e08f4c7c32d4f71b54bda02913,WETH,18,USDC,6,-0.2370680095328602,450.30988,1899.4204744010672,-0.2370680095328602,450.30988,1899.4966081139776,1899.4204744010672,450.30988,WETH_OUT,2026-08-18 08:36:59+00:00,0.0001,1.0
210,base,50126436,1787042219,b7143efce544e10d312fff4c505b8391f87b9128fea265e2102bdb570c76824a,135,484,0xb4cb800910b228ed3d0834cf79d697127bbb00e5,100,0x78e0a685840cb2926fcc6ecf860b0f5f4d940b63,0x78e0a685840cb2926fcc6ecf860b0f5f4d940b63,3111456139058947,-5909367,3452946104897672427339102,172415096172701489,-200828,0x4200000000000000000000000000000000000006,0x833589fcd6edb6e08f4c7c32d4f71b54bda02913,WETH,18,USDC,6,0.0031114561390589,-5.909367,1899.417486913416,0.0031114561390589,-5.909367,1899.2287648918216,1899.417486913416,5.909367,WETH_IN,2026-08-18 08:36:59+00:00,0.0001,1.0
211,base,50126437,1787042221,cb4c0727a7b79abc2d006210545b02f3a6ae849d7b861102edda390f38064ed5,101,360,0xb4cb800910b228ed3d0834cf79d697127bbb00e5,100,0x2aa7d880b7ad5964c02b919074fb27a71a7ddd07,0x2aa7d880b7ad5964c02b919074fb27a71a7ddd07,13368987270250496,-25390663,3452934437383484636130377,172415096172701489,-200828,0x4200000000000000000000000000000000000006,0x833589fcd6edb6e08f4c7c32d4f71b54bda02913,WETH,18,USDC,6,0.0133689872702504,-25.390663,1899.4046506614948,0.0133689872702504,-25.390663,1899.221121745017,1899.4046506614948,25.390663,WETH_IN,2026-08-18 08:37:01+00:00,0.0001,1.0
6968,base,50126438,1787042223,397af0b4e9e405d68d9aa9b23cc365f9bc52f8856083c14b4f3fb084f6a93366,4,14,0xd0b53d9277642d899df5c87a3966a349a798f224,500,0x83d55acdc72027ed339d267eebaf9a41e47490d5,0x51c72848c68a965f66fa7a88855f9f7784502a7f,-334674073062183166,635753612,3452289857251412552132492,1097294168299450476,-200832,0x4200000000000000000000000000000000000006,0x833589fcd6edb6e08f4c7c32d4f71b54bda02913,WETH,18,USDC,6,-0.3346740730621831,635.753612,1898.695570169342,-0.3346740730621831,635.753612,1899.620147395988,1898.695570169342,635.753612,WETH_OUT,2026-08-18 08:37:03+00:00,0.0005,5.0
212,base,50126439,1787042225,0b0b6c07dcc020862d106f8969a34adb6649394723fbd81e195036cad176cd58,1,3,0xb4cb800910b228ed3d0834cf79d697127bbb00e5,100,0x8ad399967db9cae7dbd09e59485879a968772e17,0x61040e143a77f165ba44543af4a079f2c809d14b,-395569786529024238,751497377,3453279730827222984593990,172415096172701489,-200826,0x4200000000000000000000000000000000000006,0x833589fcd6edb6e08f4c7c32d4f71b54bda02913,WETH,18,USDC,6,-0.3955697865290242,751.497377,1899.7845505856735,-0.3955697865290242,751.497377,1899.7845704903457,1899.7845505856735,751.497377,WETH_OUT,2026-08-18 08:37:05+00:00,0.0001,1.0
6969,base,50126439,1787042225,c7e8e53e92c4a2ddfb01946416daa091b85e4ad32a3ab15fe235de83001eb986,47,180,0xd0b53d9277642d899df5c87a3966a349a798f224,500,0x83d55acdc72027ed339d267eebaf9a41e47490d5,0x51c72848c68a965f66fa7a88855f9f7784502a7f,-443641174142786231,842775760,3452350677941987118543923,1097294168299450476,-200831,0x4200000000000000000000000000000000000006,0x833589fcd6edb6e08f4c7c32d4f71b54bda02913,WETH,18,USDC,6,-0.4436411741427862,842.77576,1898.7624712684828,-0.4436411741427862,842.77576,1899.6788601248088,1898.7624712684828,842.77576,WETH_OUT,2026-08-18 08:37:05+00:00,0.0005,5.0
213,base,50126439,1787042225,cfed7bbfe5b4d7bf80e9d173360a4bba4c24d6b4a65f9c6ed713a20849730893,57,205,0xb4cb800910b228ed3d0834cf79d697127bbb00e5,100,0xe992cd3becef37655fb277997511869aa2885967,0x498581ff718922c3f8e6a244956af099b2652b2b,63391628558719880,-120416464,3453224397069385278557369,172415096172701489,-200826,0x4200000000000000000000000000000000000006,0x833589fcd6edb6e08f4c7c32d4f71b54bda02913,WETH,18,USDC,6,0.0633916285587198,-120.416464,1899.723668534844,0.0633916285587198,-120.416464,1899.564133905439,1899.723668534844,120.416464,WETH_IN,2026-08-18 08:37:05+00:00,0.0001,1.0
214,base,50126439,1787042225,487adb44d687eff5a7c58b03c1d12dc06fed4109993995d983333d860d47b3be,70,274,0xb4cb800910b228ed3d0834cf79d697127bbb00e5,100,0x278d858f05b94576c1e6f73285886876ff6ef8d2,0x278d858f05b94576c1e6f73285886876ff6ef8d2,77508341068141430,-147226821,3453156743419725190784666,172415096172701489,-200827,0x4200000000000000000000000000000000000006,0x833589fcd6edb6e08f4c7c32d4f71b54bda02913,WETH,18,USDC,6,0.0775083410681414,-147.226821,1899.6492326072785,0.0775083410681414,-147.226821,1899.49647961844,1899.6492326072785,147.226821,WETH_IN,2026-08-18 08:37:05+00:00,0.0001,1.0
215,base,50126439,1787042225,6dd064cdbbeec4be64178fcbdb90e5e8c2e5b7ad152d3cb84035a520d3124bcf,75,310,0xb4cb800910b228ed3d0834cf79d697127bbb00e5,100,0x05d612135471bb56842269c377cad993559ce984,0x05d612135471bb56842269c377cad993559ce984,71801138212600633,-136380862,3453094073703684487626811,172415096172701489,-200827,0x4200000000000000000000000000000000000006,0x833589fcd6edb6e08f4c7c32d4f71b54bda02913,WETH,18,USDC,6,0.0718011382126006,-136.380862,1899.580281553773,0.0718011382126006,-136.380862,1899.4247917934267,1899.580281553773,136.380862,WETH_IN,2026-08-18 08:37:05+00:00,0.0001,1.0
6970,base,50126439,1787042225,c8e1627c74c442c95aeb094fbbb1df92eb37f72766ffc8a622c44f592d03941a,89,339,0xd0b53d9277642d899df5c87a3966a349a798f224,500,0x83d55acdc72027ed339d267eebaf9a41e47490d5,0x51c72848c68a965f66fa7a88855f9f7784502a7f,-1693299332340411515,3216997930,3452582823865390091071032,1097441607012297745,-200830,0x4200000000000000000000000000000000000006,0x833589fcd6edb6e08f4c7c32d4f71b54bda02913,WETH,18,USDC,6,-1.6932993323404113,3216.99793,1899.0178362810937,-1.6932993323404113,3216.99793,1899.840074674566,1899.0178362810937,3216.99793,WETH_OUT,2026-08-18 08:37:05+00:00,0.0005,5.0
216,base,50126439,1787042225,1b128799479fff47d0acbc86026b7cb7cf2cc7352d42c3a3c8e8156ac0194411,101,354,0xb4cb800910b228ed3d0834cf79d697127bbb00e5,100,0x83d55acdc72027ed339d267eebaf9a41e47490d5,0x51c72848c68a965f66fa7a88855f9f7784502a7f,-211627235246303804,402064637,3453278811917343226201629,172415096172701489,-200826,0x4200000000000000000000000000000000000006,0x833589fcd6edb6e08f4c7c32d4f71b54bda02913,WETH,18,USDC,6,-0.2116272352463038,402.064637,1899.783539529115,-0.2116272352463038,402.064637,1899.8718975469028,1899.783539529115,402.064637,WETH_OUT,2026-08-18 08:37:05+00:00,0.0001,1.0
9956,base,50126439,1787042225,69d7a99422b36d1886a0f7381413f03e9c1e65273bee2fd804d372e60e243632,232,771,0x6c561b446416e1a00e8e93e221854d6ea4171372,3000,0x2626664c2603336e57b271c5c0b26f421741e481,0xd0a40c6526acdebd4f6d87931098ff37a9f8e4bf,-21313006325072084,40569741,3451484485695559546233890,32495932578045430852,-200836,0x4200000000000000000000000000000000000006,0x833589fcd6edb6e08f4c7c32d4f71b54bda02913,WETH,18,USDC,6,-0.021313006325072,40.569741,1897.8097945808256,-0.021313006325072,40.569741,1903.5203378265212,1897.8097945808256,40.569741,WETH_OUT,2026-08-18 08:37:05+00:00,0.003,30.0
217,base,50126439,1787042225,6365336d893fa46a8bb147002fff2464de8200682be6447cd22c6f293b277c15,234,777,0xb4cb800910b228ed3d0834cf79d697127bbb00e5,100,0x37903bfc76aaaabccb71425bd6767fcd70ad67b1,0x5a9ad2bb92b0b3e5c571fdd5125114e04e02be1a,37181610456290323,-70629284,3453246356357966625453225,172415096172701489,-200826,0x4200000000000000000000000000000000000006,0x833589fcd6edb6e08f4c7c32d4f71b54bda02913,WETH,18,USDC,6,0.0371816104562903,-70.629284,1899.747829555446,0.0371816104562903,-70.629284,1899.5757078093711,1899.747829555446,70.629284,WETH_IN,2026-08-18 08:37:05+00:00,0.0001,1.0
9957,base,50126439,1787042225,c5d59a67ca464535549b5c1151908d0cf0e396a2266fdd261f9a1c0ed8fb8a10,264,904,0x6c561b446416e1a00e8e93e221854d6ea4171372,3000,0x2626664c2603336e57b271c5c0b26f421741e481,0xad6cea45f98444a922a2b4fe96b8c90f0862d2f4,-569875338541305,1084770,3451484488332395586431277,32495932578045430852,-200836,0x4200000000000000000000000000000000000006,0x833589fcd6edb6e08f4c7c32d4f71b54bda02913,WETH,18,USDC,6,-0.0005698753385413,1.08477,1897.8097974805708,-0.0005698753385413,1.08477,1903.5215715364304,1897.8097974805708,1.08477,WETH_OUT,2026-08-18 08:37:05+00:00,0.003,30.0
218,base,50126440,1787042227,926694e2588637d5e21f358af60c4b30a5c2237f083eb174cbe5ddaf0d7be0dc,156,731,0xb4cb800910b228ed3d0834cf79d697127bbb00e5,100,0x2aa7d880b7ad5964c02b919074fb27a71a7ddd07,0x2aa7d880b7ad5964c02b919074fb27a71a7ddd07,4949387979522048,-9401637,3453242036118934831946674,172415096172701489,-200826,0x4200000000000000000000000000000000000006,0x833589fcd6edb6e08f4c7c32d4f71b54bda02913,WETH,18,USDC,6,0.004949387979522,-9.401637,1899.743076138665,0.004949387979522,-9.401637,1899.555468049586,1899.743076138665,9.401637,WETH_IN,2026-08-18 08:37:07+00:00,0.0001,1.0
6971,base,50126441,1787042229,da0ee565c95a37e1edc50d53369d9af45ccd0d92e2bcc02ece131d4722c34493,92,343,0xd0b53d9277642d899df5c87a3966a349a798f224,500,0x6ff5693b99212da76ad316178a184ab56d299b43,0x6ff5693b99212da76ad316178a184ab56d299b43,-66783996042944,126888,3452582833021259905469698,1097441607012297745,-200830,0x4200000000000000000000000000000000000006,0x833589fcd6edb6e08f4c7c32d4f71b54bda02913,WETH,18,USDC,6,-6.6783996042944e-05,0.126888,1899.0178463530665,-6.6783996042944e-05,0.126888,1899.9761547423336,1899.0178463530665,0.126888,WETH_OUT,2026-08-18 08:37:09+00:00,0.0005,5.0
219,base,50126441,1787042229,b1b335adfe8d09699d4a477da272bef6e7883e54dda141689cc9d0e2ea383451,121,453,0xb4cb800910b228ed3d0834cf79d697127bbb00e5,100,0x2aa7d880b7ad5964c02b919074fb27a71a7ddd07,0x2aa7d880b7ad5964c02b919074fb27a71a7ddd07,2475174794362880,-4701723,3453239875583787264049383,172415096172701489,-200826,0x4200000000000000000000000000000000000006,0x833589fcd6edb6e08f4c7c32d4f71b54bda02913,WETH,18,USDC,6,0.0024751747943628,-4.701723,1899.7406989751996,0.0024751747943628,-4.701723,1899.5519066806928,1899.7406989751996,4.701723,WETH_IN,2026-08-18 08:37:09+00:00,0.0001,1.0
6972,base,50126443,1787042233,4f6de97e096631d2ebe03147686064f85922800bc7875196bdef65d94855f312,68,219,0xd0b53d9277642d899df5c87a3966a349a798f224,500,0x6ff5693b99212da76ad316178a184ab56d299b43,0x6ff5693b99212da76ad316178a184ab56d299b43,179159888928966,-340057,3452582808471299937190838,1097441607012297745,-200830,0x4200000000000000000000000000000000000006,0x833589fcd6edb6e08f4c7c32d4f71b54bda02913,WETH,18,USDC,6,0.0001791598889289,-0.340057,1899.0178193467268,0.0001791598889289,-0.340057,1898.0643604597628,1899.0178193467268,0.340057,WETH_IN,2026-08-18 08:37:13+00:00,0.0005,5.0
220,base,50126444,1787042235,0aad706f586d9b3ac22ae55d9d886866f2571f696c8e6de61eef00dd6025286e,62,267,0xb4cb800910b228ed3d0834cf79d697127bbb00e5,100,0xc774f0643949d72bc72c470b382b68006a507c6f,0xc774f0643949d72bc72c470b382b68006a507c6f,31577673092165164,-59982913,3453212312243410790645610,172415096172701489,-200826,0x4200000000000000000000000000000000000006,0x833589fcd6edb6e08f4c7c32d4f71b54bda02913,WETH,18,USDC,6,0.0315776730921651,-59.982913,1899.7103720981672,0.0315776730921651,-59.982913,1899.5355618803512,1899.7103720981672,59.982913,WETH_IN,2026-08-18 08:37:15+00:00,0.0001,1.0
221,base,50126444,1787042235,8aef168b4ff688ba849a325ad5b99a29e29f63dbbf9517ee00028bf7f6d63c7f,74,295,0xb4cb800910b228ed3d0834cf79d697127bbb00e5,100,0xc774f0643949d72bc72c470b382b68006a507c6f,0xc774f0643949d72bc72c470b382b68006a507c6f,21621321949203337,-41069917,3453193439800190992122814,172415096172701489,-200826,0x4200000000000000000000000000000000000006,0x833589fcd6edb6e08f4c7c32d4f71b54bda02913,WETH,18,USDC,6,0.0216213219492033,-41.069917,1899.689607618651,0.0216213219492033,-41.069917,1899.5099881722665,1899.689607618651,41.069917,WETH_IN,2026-08-18 08:37:15+00:00,0.0001,1.0
222,base,50126445,1787042237,83784136f113726fb03050f64ef41ada4ac24a4809d07e9b1bbb755500bf77cc,89,426,0xb4cb800910b228ed3d0834cf79d697127bbb00e5,100,0x2aa7d880b7ad5964c02b919074fb27a71a7ddd07,0x2aa7d880b7ad5964c02b919074fb27a71a7ddd07,1359612212674560,-2582582,3453192253052438265928029,172415096172701489,-200826,0x4200000000000000000000000000000000000006,0x833589fcd6edb6e08f4c7c32d4f71b54bda02913,WETH,18,USDC,6,0.0013596122126745,-2.582582,1899.688301898584,0.0013596122126745,-2.582582,1899.4989717837825,1899.688301898584,2.582582,WETH_IN,2026-08-18 08:37:17+00:00,0.0001,1.0
223,base,50126446,1787042239,f62c636bb95b5d08bb3b2661ce62c950c707c1c940b42cf7ba07b570debb6dd8,48,239,0xb4cb800910b228ed3d0834cf79d697127bbb00e5,100,0xf24e4ddeee6a582c4ba52526497b23a19b30c289,0xf24e4ddeee6a582c4ba52526497b23a19b30c289,205645732451801,-390623,3453192073553083955757967,172415096172701489,-200826,0x4200000000000000000000000000000000000006,0x833589fcd6edb6e08f4c7c32d4f71b54bda02913,WETH,18,USDC,6,0.0002056457324518,-0.390623,1899.688104404329,0.0002056457324518,-0.390623,1899.494802750423,1899.688104404329,0.390623,WETH_IN,2026-08-18 08:37:19+00:00,0.0001,1.0
224,base,50126446,1787042239,f4c9f84f64b2c7d80a4e44d57408600658c1513e0def1c3920720447399c98cc,75,308,0xb4cb800910b228ed3d0834cf79d697127bbb00e5,100,0xecec48ec5a7b7f7b96460b0f4e2b99cf0db94cb1,0xecec48ec5a7b7f7b96460b0f4e2b99cf0db94cb1,87421875000000000,-166054019,3453115768431831327306267,172415096172701489,-200827,0x4200000000000000000000000000000000000006,0x833589fcd6edb6e08f4c7c32d4f71b54bda02913,WETH,18,USDC,6,0.087421875,-166.054019,1899.6041505862283,0.087421875,-166.054019,1899.456160142985,1899.6041505862283,166.054019,WETH_IN,2026-08-18 08:37:19+00:00,0.0001,1.0
225,base,50126448,1787042243,07abf18904591a6ab9b38313958f04cc4657a3bececa19443f9c7924597236fe,44,138,0xb4cb800910b228ed3d0834cf79d697127bbb00e5,100,0xecec48ec5a7b7f7b96460b0f4e2b99cf0db94cb1,0xecec48ec5a7b7f7b96460b0f4e2b99cf0db94cb1,249375000000000000,-473636559,3452898123021947912439827,172415096172701489,-200828,0x4200000000000000000000000000000000000006,0x833589fcd6edb6e08f4c7c32d4f71b54bda02913,WETH,18,USDC,6,0.249375,-473.636559,1899.36469895912,0.249375,-473.636559,1899.2944721804508,1899.36469895912,473.636559,WETH_IN,2026-08-18 08:37:23+00:00,0.0001,1.0
226,base,50126448,1787042243,0c0a04aa3c2575eda10b08eca540e7df33097b246a8cd8e15e23bc54c86bfd68,107,392,0xb4cb800910b228ed3d0834cf79d697127bbb00e5,100,0xc774f0643949d72bc72c470b382b68006a507c6f,0xc774f0643949d72bc72c470b382b68006a507c6f,19112246277336263,-36297320,3452881443681987935775884,172415096172701489,-200828,0x4200000000000000000000000000000000000006,0x833589fcd6edb6e08f4c7c32d4f71b54bda02913,WETH,18,USDC,6,0.0191122462773362,-36.29732,1899.3463491139305,0.0191122462773362,-36.29732,1899.1655650148348,1899.3463491139305,36.29732,WETH_IN,2026-08-18 08:37:23+00:00,0.0001,1.0
227,base,50126450,1787042247,60d9ba8265d661cfa7ee6483b5f08b8604f07eec5092c76c807c96bd94162ea2,72,463,0xb4cb800910b228ed3d0834cf79d697127bbb00e5,100,0x8ad399967db9cae7dbd09e59485879a968772e17,0x61040e143a77f165ba44543af4a079f2c809d14b,-395575857605465854,751485844,3453226731826356134569461,172415096172701489,-200826,0x4200000000000000000000000000000000000006,0x833589fcd6edb6e08f4c7c32d4f71b54bda02913,WETH,18,USDC,6,-0.3955758576054659,751.485844,1899.7262373772164,-0.3955758576054659,751.485844,1899.7262586977863,1899.7262373772164,751.485844,WETH_OUT,2026-08-18 08:37:27+00:00,0.0001,1.0
228,base,50126450,1787042247,037d129ef41f950fc5bf611a65160b2f92bfb15ed5605e07888aca74879e4ace,92,538,0xb4cb800910b228ed3d0834cf79d697127bbb00e5,100,0xc774f0643949d72bc72c470b382b68006a507c6f,0xc774f0643949d72bc72c470b382b68006a507c6f,86838601003454201,-164949451,3453150934276090634008916,172415096172701489,-200827,0x4200000000000000000000000000000000000006,0x833589fcd6edb6e08f4c7c32d4f71b54bda02913,WETH,18,USDC,6,0.0868386010034542,-164.949451,1899.642841165021,0.0868386010034542,-164.949451,1899.494569165604,1899.642841165021,164.949451,WETH_IN,2026-08-18 08:37:27+00:00,0.0001,1.0
229,base,50126450,1787042247,59a00910c363f1e1e9552c6026619f30e78937ad1cee8f88e397579b65ecc464,93,541,0xb4cb800910b228ed3d0834cf79d697127bbb00e5,100,0x278d858f05b94576c1e6f73285886876ff6ef8d2,0x278d858f05b94576c1e6f73285886876ff6ef8d2,138074869667296608,-262257555,3453030421718384573132166,172415096172701489,-200827,0x4200000000000000000000000000000000000006,0x833589fcd6edb6e08f4c7c32d4f71b54bda02913,WETH,18,USDC,6,0.1380748696672966,-262.257555,1899.5102510598613,0.1380748696672966,-262.257555,1899.3865837565693,1899.5102510598613,262.257555,WETH_IN,2026-08-18 08:37:27+00:00,0.0001,1.0
9958,base,50126454,1787042255,b2b2aa22fe2bcdadcd9398938c4eb9a2d19549c3ef7e7e8f43513317b9892b3a,68,270,0x6c561b446416e1a00e8e93e221854d6ea4171372,3000,0x2626664c2603336e57b271c5c0b26f421741e481,0xd0a40c6526acdebd4f6d87931098ff37a9f8e4bf,99000000000000000,-187319495,3451484031629717238613106,32495932578045430852,-200836,0x4200000000000000000000000000000000000006,0x833589fcd6edb6e08f4c7c32d4f71b54bda02913,WETH,18,USDC,6,0.099,-187.319495,1897.8092952417444,0.099,-187.319495,1892.116111111111,1897.8092952417444,187.319495,WETH_IN,2026-08-18 08:37:35+00:00,0.003,30.0
230,base,50126455,1787042257,dd16710bd02ab01f314e19237dadd2a176a20274973b1cbfd09a0d59224f55ce,108,479,0xb4cb800910b228ed3d0834cf79d697127bbb00e5,100,0xc774f0643949d72bc72c470b382b68006a507c6f,0xc774f0643949d72bc72c470b382b68006a507c6f,16347485449338481,-31048982,3453016154093913289520890,172415096172701489,-200827,0x4200000000000000000000000000000000000006,0x833589fcd6edb6e08f4c7c32d4f71b54bda02913,WETH,18,USDC,6,0.0163474854493384,-31.048982,1899.4945538665893,0.0163474854493384,-31.048982,1899.3124108427592,1899.4945538665893,31.048982,WETH_IN,2026-08-18 08:37:37+00:00,0.0001,1.0
9959,base,50126455,1787042257,20ac0056537e2ace9e61629e92fb74c5fb69e742eb3a44fc6825ced8f4a1bdc2,134,576,0x6c561b446416e1a00e8e93e221854d6ea4171372,3000,0x2626664c2603336e57b271c5c0b26f421741e481,0xd0a40c6526acdebd4f6d87931098ff37a9f8e4bf,99000000000000000,-187319446,3451483574927159753171409,32495932578045430852,-200836,0x4200000000000000000000000000000000000006,0x833589fcd6edb6e08f4c7c32d4f71b54bda02913,WETH,18,USDC,6,0.099,-187.319446,1897.8087930031168,0.099,-187.319446,1892.115616161616,1897.8087930031168,187.319446,WETH_IN,2026-08-18 08:37:37+00:00,0.003,30.0
231,base,50126455,1787042257,73cfcf91c2cab77481d2927bbe9334431fbc11165fe1705dde167f2297d6b018,144,592,0xb4cb800910b228ed3d0834cf79d697127bbb00e5,100,0xecec48ec5a7b7f7b96460b0f4e2b99cf0db94cb1,0xecec48ec5a7b7f7b96460b0f4e2b99cf0db94cb1,163828125000000000,-311146628,3452873176035957697700679,172415096172701489,-200828,0x4200000000000000000000000000000000000006,0x833589fcd6edb6e08f4c7c32d4f71b54bda02913,WETH,18,USDC,6,0.163828125,-311.146628,1899.3372534616412,0.163828125,-311.146628,1899.2259601335245,1899.3372534616412,311.146628,WETH_IN,2026-08-18 08:37:37+00:00,0.0001,1.0
9960,base,50126456,1787042259,639a727310db3b93046892f2048aa32f76e64ec2aa8ccdbcc9040ea4fd87d49a,157,537,0x6c561b446416e1a00e8e93e221854d6ea4171372,3000,0xa9595ef01554ff0de2ba6b5dc23e05a670c371f3,0xa9595ef01554ff0de2ba6b5dc23e05a670c371f3,-58991738029094203,112291924,3451483847884174171305641,32495932578045430852,-200836,0x4200000000000000000000000000000000000006,0x833589fcd6edb6e08f4c7c32d4f71b54bda02913,WETH,18,USDC,6,-0.0589917380290942,112.291924,1897.8090931756255,-0.0589917380290942,112.291924,1903.5195054707256,1897.8090931756255,112.291924,WETH_OUT,2026-08-18 08:37:39+00:00,0.003,30.0
6973,base,50126459,1787042265,33e7b133aae4fb6fdf1c2d0a31d78107fba64c4bc1b3640c30274acaba6efe69,144,682,0xd0b53d9277642d899df5c87a3966a349a798f224,500,0x6ff5693b99212da76ad316178a184ab56d299b43,0x6ff5693b99212da76ad316178a184ab56d299b43,2634257415950839,-5000000,3452582447503745909614552,1097441607012297745,-200830,0x4200000000000000000000000000000000000006,0x833589fcd6edb6e08f4c7c32d4f71b54bda02913,WETH,18,USDC,6,0.0026342574159508,-5.0,1899.0174222620983,0.0026342574159508,-5.0,1898.0681119939995,1899.0174222620983,5.0,WETH_IN,2026-08-18 08:37:45+00:00,0.0005,5.0
232,base,50126460,1787042267,860d9f0a2afc35da96c3353720a7ddd09f446a8b934e9d9cf0e66206fca334e9,78,493,0xb4cb800910b228ed3d0834cf79d697127bbb00e5,100,0x8ad399967db9cae7dbd09e59485879a968772e17,0x61040e143a77f165ba44543af4a079f2c809d14b,-395576804782208831,751484045,3453218463353561293470449,172415096172701489,-200826,0x4200000000000000000000000000000000000006,0x833589fcd6edb6e08f4c7c32d4f71b54bda02913,WETH,18,USDC,6,-0.3955768047822088,751.484045,1899.7171399057063,-0.3955768047822088,751.484045,1899.7171621671337,1899.7171399057063,751.484045,WETH_OUT,2026-08-18 08:37:47+00:00,0.0001,1.0
233,base,50126460,1787042267,c3b36445a77ebfabc46a6483e329b1c70fa41e6a0f9baf58020f10eee427d853,91,564,0xb4cb800910b228ed3d0834cf79d697127bbb00e5,100,0x6c6f13d731a53e58ef182ea46fe726ca06360cf8,0xbeeb9eee061925cc6d2122f05a4e6536f0feb000,273758415125323784,-519975565,3452979524249353986859621,172415096172701489,-200828,0x4200000000000000000000000000000000000006,0x833589fcd6edb6e08f4c7c32d4f71b54bda02913,WETH,18,USDC,6,0.2737584151253238,-519.975565,1899.4542541297224,0.2737584151253238,-519.975565,1899.395730947524,1899.4542541297224,519.975565,WETH_IN,2026-08-18 08:37:47+00:00,0.0001,1.0
234,base,50126460,1787042267,27d60fc9b35e9d9e4974b76a8e1d8b3f88321baffda513c7ff15d9aafe553a21,108,601,0xb4cb800910b228ed3d0834cf79d697127bbb00e5,100,0x278d858f05b94576c1e6f73285886876ff6ef8d2,0x278d858f05b94576c1e6f73285886876ff6ef8d2,3423133404515307,-6501429,3452976536713329708602332,172415096172701489,-200828,0x4200000000000000000000000000000000000006,0x833589fcd6edb6e08f4c7c32d4f71b54bda02913,WETH,18,USDC,6,0.0034231334045153,-6.501429,1899.450967295546,0.0034231334045153,-6.501429,1899.262526965571,1899.450967295546,6.501429,WETH_IN,2026-08-18 08:37:47+00:00,0.0001,1.0
235,base,50126462,1787042271,efe681f7aaf9fdada5a05ce6b3882dfc627797f9214802493489f87dc8ef6ac7,31,231,0xb4cb800910b228ed3d0834cf79d697127bbb00e5,100,0x6ff5693b99212da76ad316178a184ab56d299b43,0xe4e77e5cff7198e7e9498b72ff1bc8de6f2ce055,8574609695105009,-16285386,3452969053254565795609656,172415096172701489,-200828,0x4200000000000000000000000000000000000006,0x833589fcd6edb6e08f4c7c32d4f71b54bda02913,WETH,18,USDC,6,0.008574609695105,-16.285386,1899.442734139349,0.008574609695105,-16.285386,1899.2568267330985,1899.442734139349,16.285386,WETH_IN,2026-08-18 08:37:51+00:00,0.0001,1.0
236,base,50126462,1787042271,3243b3675ea403cf1c20b0a744377818b4b26b0d0a92e6768934a80ac515fc47,138,499,0xb4cb800910b228ed3d0834cf79d697127bbb00e5,100,0xecec48ec5a7b7f7b96460b0f4e2b99cf0db94cb1,0xecec48ec5a7b7f7b96460b0f4e2b99cf0db94cb1,93750000000000000,-178050730,3452887235406306541896451,172415096172701489,-200828,0x4200000000000000000000000000000000000006,0x833589fcd6edb6e08f4c7c32d4f71b54bda02913,WETH,18,USDC,6,0.09375,-178.05073,1899.352720893469,0.09375,-178.05073,1899.2077866666664,1899.352720893469,178.05073,WETH_IN,2026-08-18 08:37:51+00:00,0.0001,1.0
237,base,50126464,1787042275,7c22341f0e1ad8acd820fa9972cebfc4c5d234ed88e250d0e1c8092f211ede32,48,177,0xb4cb800910b228ed3d0834cf79d697127bbb00e5,100,0x8ad399967db9cae7dbd09e59485879a968772e17,0x61040e143a77f165ba44543af4a079f2c809d14b,-395575194083561387,751487104,3453232524129847172550640,172415096172701489,-200826,0x4200000000000000000000000000000000000006,0x833589fcd6edb6e08f4c7c32d4f71b54bda02913,WETH,18,USDC,6,-0.3955751940835614,751.487104,1899.7326104311749,-0.3955751940835614,751.487104,1899.7326304572468,1899.7326104311749,751.487104,WETH_OUT,2026-08-18 08:37:55+00:00,0.0001,1.0
238,base,50126464,1787042275,8ed92c496c725e585cd378f6badef3a3ef36bef38bd2a1392014f0ee817e1286,60,199,0xb4cb800910b228ed3d0834cf79d697127bbb00e5,100,0x6c6f13d731a53e58ef182ea46fe726ca06360cf8,0xbeeb9eee061925cc6d2122f05a4e6536f0feb000,287190245018841772,-545490516,3452981860398881914011131,172415096172701489,-200828,0x4200000000000000000000000000000000000006,0x833589fcd6edb6e08f4c7c32d4f71b54bda02913,WETH,18,USDC,6,0.2871902450188417,-545.490516,1899.456824322004,0.2871902450188417,-545.490516,1899.404751593188,1899.456824322004,545.490516,WETH_IN,2026-08-18 08:37:55+00:00,0.0001,1.0
239,base,50126464,1787042275,caf00e48c9311b31f4b68a0cf37fb9a42fad950ae5e52d4c4575f9cfeeea05ee,78,254,0xb4cb800910b228ed3d0834cf79d697127bbb00e5,100,0x278d858f05b94576c1e6f73285886876ff6ef8d2,0x278d858f05b94576c1e6f73285886876ff6ef8d2,7043554120560437,-13377565,3452975713141850039194087,172415096172701489,-200828,0x4200000000000000000000000000000000000006,0x833589fcd6edb6e08f4c7c32d4f71b54bda02913,WETH,18,USDC,6,0.0070435541205604,-13.377565,1899.4500612173028,0.0070435541205604,-13.377565,1899.263464299978,1899.4500612173028,13.377565,WETH_IN,2026-08-18 08:37:55+00:00,0.0001,1.0
9961,base,50126469,1787042285,6a3c1c28a749728e333f8c5c9a94e4eeeaa83f71ccad2ff731dee34fd31adec9,115,380,0x6c561b446416e1a00e8e93e221854d6ea4171372,3000,0x2626664c2603336e57b271c5c0b26f421741e481,0xd0a40c6526acdebd4f6d87931098ff37a9f8e4bf,9900000000000000,-18731944,3451483802213917846621113,32495932578045430852,-200836,0x4200000000000000000000000000000000000006,0x833589fcd6edb6e08f4c7c32d4f71b54bda02913,WETH,18,USDC,6,0.0099,-18.731944,1897.8090429517624,0.0099,-18.731944,1892.1155555555551,1897.8090429517624,18.731944,WETH_IN,2026-08-18 08:38:05+00:00,0.003,30.0
9962,base,50126471,1787042289,54212a0f7b944805ed8b746321569b73749bb4f7fb51cc963c175d1fc8a8a3a9,138,430,0x6c561b446416e1a00e8e93e221854d6ea4171372,3000,0x2626664c2603336e57b271c5c0b26f421741e481,0xd0a40c6526acdebd4f6d87931098ff37a9f8e4bf,19800000000000000,-37463888,3451483710873408823122581,32495932578045430852,-200836,0x4200000000000000000000000000000000000006,0x833589fcd6edb6e08f4c7c32d4f71b54bda02913,WETH,18,USDC,6,0.0198,-37.463888,1897.8089425040407,0.0198,-37.463888,1892.1155555555551,1897.8089425040407,37.463888,WETH_IN,2026-08-18 08:38:09+00:00,0.003,30.0
6974,base,50126472,1787042291,fd0f942311dd8e7fb585ed11bf7f80fbaf83f5eccc0b67cded2af3734a7edd08,29,133,0xd0b53d9277642d899df5c87a3966a349a798f224,500,0x2626664c2603336e57b271c5c0b26f421741e481,0x2626664c2603336e57b271c5c0b26f421741e481,5268516484371970,-10000000,3452581725568637854462001,1097441607012297745,-200830,0x4200000000000000000000000000000000000006,0x833589fcd6edb6e08f4c7c32d4f71b54bda02913,WETH,18,USDC,6,0.0052685164843719,-10.0,1899.0166280929648,0.0052685164843719,-10.0,1898.0675166649007,1899.0166280929648,10.0,WETH_IN,2026-08-18 08:38:11+00:00,0.0005,5.0
240,base,50126472,1787042291,9a4fefa5bbc3b68f9bf7cecb7eb8799f5467b5014f8a3379ef606efa2dcfa680,57,321,0xb4cb800910b228ed3d0834cf79d697127bbb00e5,100,0xecec48ec5a7b7f7b96460b0f4e2b99cf0db94cb1,0xecec48ec5a7b7f7b96460b0f4e2b99cf0db94cb1,91757812500000000,-174267912,3452895633573643794301381,172415096172701489,-200828,0x4200000000000000000000000000000000000006,0x833589fcd6edb6e08f4c7c32d4f71b54bda02913,WETH,18,USDC,6,0.0917578125,-174.267912,1899.361960176592,0.0917578125,-174.267912,1899.216069476373,1899.361960176592,174.267912,WETH_IN,2026-08-18 08:38:11+00:00,0.0001,1.0
9963,base,50126473,1787042293,09264260cbdb25a2bc74101bd110e3345e8d5fceb381d7ee3bb1424268e01574,156,549,0x6c561b446416e1a00e8e93e221854d6ea4171372,3000,0x2626664c2603336e57b271c5c0b26f421741e481,0xd0a40c6526acdebd4f6d87931098ff37a9f8e4bf,29700000000000000,-56195828,3451483573862654352550370,32495932578045430852,-200836,0x4200000000000000000000000000000000000006,0x833589fcd6edb6e08f4c7c32d4f71b54bda02913,WETH,18,USDC,6,0.0297,-56.195828,1897.8087918324736,0.0297,-56.195828,1892.1154208754208,1897.8087918324736,56.195828,WETH_IN,2026-08-18 08:38:13+00:00,0.003,30.0
6975,base,50126474,1787042295,a1e653fdf6a2e91c4f4cdb2773dee969f2dc146a848afe23a15e18ca41d80432,163,620,0xd0b53d9277642d899df5c87a3966a349a798f224,500,0x78e0a685840cb2926fcc6ecf860b0f5f4d940b63,0x78e0a685840cb2926fcc6ecf860b0f5f4d940b63,-147428408060949,280110,3452581745780582881171299,1097441607012297745,-200830,0x4200000000000000000000000000000000000006,0x833589fcd6edb6e08f4c7c32d4f71b54bda02913,WETH,18,USDC,6,-0.0001474284080609,0.28011,1899.0166503272364,-0.0001474284080609,0.28011,1899.9730356187429,1899.0166503272364,0.28011,WETH_OUT,2026-08-18 08:38:15+00:00,0.0005,5.0
241,base,50126477,1787042301,7305c89583079c03d96cba6bfc730311525ae1f5e5f6860a61a3ce5b0037104e,118,492,0xb4cb800910b228ed3d0834cf79d697127bbb00e5,100,0x6ff5693b99212da76ad316178a184ab56d299b43,0x6ff5693b99212da76ad316178a184ab56d299b43,-8573258838097804,16285386,3452903116283537401960693,172415096172701489,-200828,0x4200000000000000000000000000000000000006,0x833589fcd6edb6e08f4c7c32d4f71b54bda02913,WETH,18,USDC,6,-0.0085732588380978,16.285386,1899.3701923338533,-0.0085732588380978,16.285386,1899.5560856778388,1899.3701923338533,16.285386,WETH_OUT,2026-08-18 08:38:21+00:00,0.0001,1.0
6976,base,50126478,1787042303,92e882727f38243f669531cc8e4104e728fcdb62f33c82573e266bec0544279d,90,381,0xd0b53d9277642d899df5c87a3966a349a798f224,500,0x6ff5693b99212da76ad316178a184ab56d299b43,0x6ff5693b99212da76ad316178a184ab56d299b43,179129524286155,-339999,3452581721234799184957915,1097441607012297745,-200830,0x4200000000000000000000000000000000000006,0x833589fcd6edb6e08f4c7c32d4f71b54bda02913,WETH,18,USDC,6,0.0001791295242861,-0.339999,1899.0166233254995,0.0001791295242861,-0.339999,1898.062317504176,1899.0166233254995,0.339999,WETH_IN,2026-08-18 08:38:23+00:00,0.0005,5.0
9964,base,50126480,1787042307,47d690e68853660131103a9e081a853cd0d595aa22649146237f624d8af24721,2,4,0x6c561b446416e1a00e8e93e221854d6ea4171372,3000,0x2626664c2603336e57b271c5c0b26f421741e481,0xd0a40c6526acdebd4f6d87931098ff37a9f8e4bf,29700000000000000,-56195824,3451483436851910759587714,32495932578045430852,-200836,0x4200000000000000000000000000000000000006,0x833589fcd6edb6e08f4c7c32d4f71b54bda02913,WETH,18,USDC,6,0.0297,-56.195824,1897.8086411609247,0.0297,-56.195824,1892.1152861952864,1897.8086411609247,56.195824,WETH_IN,2026-08-18 08:38:27+00:00,0.003,30.0
9965,base,50126482,1787042311,57d57d1a6cdcd2255f966fbcc77fc0c875fbb24383d24e68fe72a711413ba5d6,78,359,0x6c561b446416e1a00e8e93e221854d6ea4171372,3000,0x2626664c2603336e57b271c5c0b26f421741e481,0xd0a40c6526acdebd4f6d87931098ff37a9f8e4bf,39600000000000000,-74927758,3451483254170936223027907,32495932578045430852,-200836,0x4200000000000000000000000000000000000006,0x833589fcd6edb6e08f4c7c32d4f71b54bda02913,WETH,18,USDC,6,0.0396,-74.927758,1897.8084402655536,0.0396,-74.927758,1892.1151010101007,1897.8084402655536,74.927758,WETH_IN,2026-08-18 08:38:31+00:00,0.003,30.0
242,base,50126482,1787042311,de5b63f31f20c7ca64a6813c4e795a6ca2f6001469e9088e469e17164597f946,91,439,0xb4cb800910b228ed3d0834cf79d697127bbb00e5,100,0x6ff5693b99212da76ad316178a184ab56d299b43,0x6ff5693b99212da76ad316178a184ab56d299b43,21330000000000000,-40509296,3452884501456911242670255,172415096172701489,-200828,0x4200000000000000000000000000000000000006,0x833589fcd6edb6e08f4c7c32d4f71b54bda02913,WETH,18,USDC,6,0.02133,-40.509296,1899.3497131310876,0.02133,-40.509296,1899.1699953117677,1899.3497131310876,40.509296,WETH_IN,2026-08-18 08:38:31+00:00,0.0001,1.0
243,base,50126487,1787042321,142bca526c4394476c322088c233e026e03761e5eb056e0f9e2ae63958e85fbb,6,10,0xb4cb800910b228ed3d0834cf79d697127bbb00e5,100,0x411d2c093e4c2e69bf0d8e94be1bf13dadd879c6,0xc8f6b8ba0dc0f175b568b99440b0867f69a29265,19800000000000000,-37603175,3452867222050641368176755,172415096172701489,-200828,0x4200000000000000000000000000000000000006,0x833589fcd6edb6e08f4c7c32d4f71b54bda02913,WETH,18,USDC,6,0.0198,-37.603175,1899.3307031970987,0.0198,-37.603175,1899.1502525252524,1899.3307031970987,37.603175,WETH_IN,2026-08-18 08:38:41+00:00,0.0001,1.0
244,base,50126488,1787042323,55b41d30164c0bc9881e4b520880b28d916089ffa8aa257cb07b83d1f14d4000,45,243,0xb4cb800910b228ed3d0834cf79d697127bbb00e5,100,0x411d2c093e4c2e69bf0d8e94be1bf13dadd879c6,0xc8f6b8ba0dc0f175b568b99440b0867f69a29265,19800000000000000,-37602799,3452849942817314658585407,172415096172701489,-200828,0x4200000000000000000000000000000000000006,0x833589fcd6edb6e08f4c7c32d4f71b54bda02913,WETH,18,USDC,6,0.0198,-37.602799,1899.3116935485048,0.0198,-37.602799,1899.1312626262625,1899.3116935485048,37.602799,WETH_IN,2026-08-18 08:38:43+00:00,0.0001,1.0
9966,base,50126492,1787042331,bc200b6c5558352c35f67fa628c746f2ce4e1c8a141eb80aa7c82f8e81baeb32,100,376,0x6c561b446416e1a00e8e93e221854d6ea4171372,3000,0xcdbdc59a5eeb54027f8b45b118e3cd1f675d79c5,0xcdbdc59a5eeb54027f8b45b118e3cd1f675d79c5,-4223041580268905,8038640,3451483273711105086360294,32495932578045430852,-200836,0x4200000000000000000000000000000000000006,0x833589fcd6edb6e08f4c7c32d4f71b54bda02913,WETH,18,USDC,6,-0.0042230415802689,8.03864,1897.8084617539944,-0.0042230415802689,8.03864,1903.51902703457,1897.8084617539944,8.03864,WETH_OUT,2026-08-18 08:38:51+00:00,0.003,30.0
9967,base,50126492,1787042331,a90d9dfbbea10edc4c55932fd92994d0ef47eef15d3149a5349d0a8cb5308752,101,391,0x6c561b446416e1a00e8e93e221854d6ea4171372,3000,0xcdbdc59a5eeb54027f8b45b118e3cd1f675d79c5,0xcdbdc59a5eeb54027f8b45b118e3cd1f675d79c5,-3195566410539990,6082822,3451483288497108659873366,32495932578045430852,-200836,0x4200000000000000000000000000000000000006,0x833589fcd6edb6e08f4c7c32d4f71b54bda02913,WETH,18,USDC,6,-0.0031955664105399,6.082822,1897.8084780142517,-0.0031955664105399,6.082822,1903.5191945743725,1897.8084780142517,6.082822,WETH_OUT,2026-08-18 08:38:51+00:00,0.003,30.0
9968,base,50126492,1787042331,a70c8dd67c4c75355b416a836cc4854ee6c95ea34ddb2075c65394ffb91f1877,102,406,0x6c561b446416e1a00e8e93e221854d6ea4171372,3000,0xcdbdc59a5eeb54027f8b45b118e3cd1f675d79c5,0xcdbdc59a5eeb54027f8b45b118e3cd1f675d79c5,-1349255746843120,2568335,3451483294740164773542243,32495932578045430852,-200836,0x4200000000000000000000000000000000000006,0x833589fcd6edb6e08f4c7c32d4f71b54bda02913,WETH,18,USDC,6,-0.0013492557468431,2.568335,1897.8084848797776,-0.0013492557468431,2.568335,1903.51977822528,1897.8084848797776,2.568335,WETH_OUT,2026-08-18 08:38:51+00:00,0.003,30.0
6977,base,50126493,1787042333,49f7c9e3712523b2bdebe5111d8ae397d39efc430b078f2098529663c9e2e288,102,463,0xd0b53d9277642d899df5c87a3966a349a798f224,500,0x6ff5693b99212da76ad316178a184ab56d299b43,0x6ff5693b99212da76ad316178a184ab56d299b43,2634259075034764,-5000000,3452581360267245157381551,1097441607012297745,-200830,0x4200000000000000000000000000000000000006,0x833589fcd6edb6e08f4c7c32d4f71b54bda02913,WETH,18,USDC,6,0.0026342590750347,-5.0,1899.0162262409956,0.0026342590750347,-5.0,1898.0669165708448,1899.0162262409956,5.0,WETH_IN,2026-08-18 08:38:53+00:00,0.0005,5.0
9969,base,50126494,1787042335,5334fb7f731537a8f64f67f46061691bba711319758160fa26a0e5501a2ff194,121,513,0x6c561b446416e1a00e8e93e221854d6ea4171372,3000,0xa9595ef01554ff0de2ba6b5dc23e05a670c371f3,0xa9595ef01554ff0de2ba6b5dc23e05a670c371f3,-44610634113667127,84917197,3451483501155227188052542,32495932578045430852,-200836,0x4200000000000000000000000000000000000006,0x833589fcd6edb6e08f4c7c32d4f71b54bda02913,WETH,18,USDC,6,-0.0446106341136671,84.917197,1897.8087118756723,-0.0446106341136671,84.917197,1903.5191650410627,1897.8087118756723,84.917197,WETH_OUT,2026-08-18 08:38:55+00:00,0.003,30.0
245,base,50126494,1787042335,9e3f34e9963f134b73630a669dafa9271c2cf3ac5db56400629157cd1eec3a46,132,554,0xb4cb800910b228ed3d0834cf79d697127bbb00e5,100,0xfdf682f51fe81aa4898f0ae2163d8a55c127fbc7,0xfdf682f51fe81aa4898f0ae2163d8a55c127fbc7,-68311475204871751,129760000,3452909564152867071362105,172415096172701489,-200828,0x4200000000000000000000000000000000000006,0x833589fcd6edb6e08f4c7c32d4f71b54bda02913,WETH,18,USDC,6,-0.0683114752048717,129.76,1899.3772860181127,-0.0683114752048717,129.76,1899.534442944455,1899.3772860181127,129.76,WETH_OUT,2026-08-18 08:38:55+00:00,0.0001,1.0
9970,base,50126497,1787042341,cdc1a24a485c76718bb5cf96fd72a201024da706a1ad832883caaf672c3218ea,110,402,0x6c561b446416e1a00e8e93e221854d6ea4171372,3000,0x2626664c2603336e57b271c5c0b26f421741e481,0xd0a40c6526acdebd4f6d87931098ff37a9f8e4bf,-1041064352207484,1981687,3451483505972270941394498,32495932578045430852,-200836,0x4200000000000000000000000000000000000006,0x833589fcd6edb6e08f4c7c32d4f71b54bda02913,WETH,18,USDC,6,-0.0010410643522074,1.981687,1897.8087171730049,-0.0010410643522074,1.981687,1903.520177016925,1897.8087171730049,1.981687,WETH_OUT,2026-08-18 08:39:01+00:00,0.003,30.0
246,base,50126499,1787042345,20f967129c46e682d66bc35182ba5242eb51d76a1ec8ed2d0889297f8b99a5b3,111,444,0xb4cb800910b228ed3d0834cf79d697127bbb00e5,100,0x5692193a40e908d94bddbc988356cd7f1679eab4,0x9a972d8c3a8dd27e5811cbcb75ebdac924fb53a1,6100000000000000,-11585024,3452904240603706387849736,172415096172701489,-200828,0x4200000000000000000000000000000000000006,0x833589fcd6edb6e08f4c7c32d4f71b54bda02913,WETH,18,USDC,6,0.0061,-11.585024,1899.3714292643383,0.0061,-11.585024,1899.184262295082,1899.3714292643383,11.585024,WETH_IN,2026-08-18 08:39:05+00:00,0.0001,1.0
247,base,50126499,1787042345,c90a9d899b2289e3fa2168c07caba860fabe3c81a300c40e2c2ac6b22d94e37d,113,455,0xb4cb800910b228ed3d0834cf79d697127bbb00e5,100,0x83d55acdc72027ed339d267eebaf9a41e47490d5,0x51c72848c68a965f66fa7a88855f9f7784502a7f,-133265292536413612,253154132,3453020558324232455192204,172415096172701489,-200827,0x4200000000000000000000000000000000000006,0x833589fcd6edb6e08f4c7c32d4f71b54bda02913,WETH,18,USDC,6,-0.1332652925364136,253.154132,1899.4993993793053,-0.1332652925364136,253.154132,1899.6253801853757,1899.4993993793053,253.154132,WETH_OUT,2026-08-18 08:39:05+00:00,0.0001,1.0
6978,base,50126499,1787042345,d35cb06dd77a3ba7f57aba36cfadb1eb4d4943e8f5c77d0d347d53758fd4a0bb,161,677,0xd0b53d9277642d899df5c87a3966a349a798f224,500,0x0bf485bd7ebb82e282f72e7d14822c680e3f7bec,0x0bf485bd7ebb82e282f72e7d14822c680e3f7bec,-40070747594162,76134,3452581365760810362127233,1097441607012297745,-200830,0x4200000000000000000000000000000000000006,0x833589fcd6edb6e08f4c7c32d4f71b54bda02913,WETH,18,USDC,6,-4.0070747594162e-05,0.076134,1899.0162322842248,-4.0070747594162e-05,0.076134,1899.9895078346915,1899.0162322842248,0.076134,WETH_OUT,2026-08-18 08:39:05+00:00,0.0005,5.0
248,base,50126501,1787042349,e41f1e40f7824984ff53ac53eae29235f54e387e6d1198ac846cca85fcb59eea,9,11,0xb4cb800910b228ed3d0834cf79d697127bbb00e5,100,0x83d55acdc72027ed339d267eebaf9a41e47490d5,0x51c72848c68a965f66fa7a88855f9f7784502a7f,-140781929306296203,267451453,3453143445290726982804271,172415096172701489,-200827,0x4200000000000000000000000000000000000006,0x833589fcd6edb6e08f4c7c32d4f71b54bda02913,WETH,18,USDC,6,-0.1407819293062962,267.451453,1899.634601512438,-0.1407819293062962,267.451453,1899.756981012184,1899.634601512438,267.451453,WETH_OUT,2026-08-18 08:39:09+00:00,0.0001,1.0
9971,base,50126501,1787042349,b5dff79a3cadc970ff3c3e7d2cbeb4b88cf932b57d2a8f05a088152116102ef5,117,864,0x6c561b446416e1a00e8e93e221854d6ea4171372,3000,0x2626664c2603336e57b271c5c0b26f421741e481,0xd0a40c6526acdebd4f6d87931098ff37a9f8e4bf,-72961314911986425,138883283,3451483843567041480115551,32495932578045430852,-200836,0x4200000000000000000000000000000000000006,0x833589fcd6edb6e08f4c7c32d4f71b54bda02913,WETH,18,USDC,6,-0.0729613149119864,138.883283,1897.809088428048,-0.0729613149119864,138.883283,1903.519463259887,1897.809088428048,138.883283,WETH_OUT,2026-08-18 08:39:09+00:00,0.003,30.0
9972,base,50126501,1787042349,5afc8797d6d316d2aa397f0a6d7f28bfffd7fcc809e93c1b15bdfb7cb6f3dfbd,134,961,0x6c561b446416e1a00e8e93e221854d6ea4171372,3000,0xa9595ef01554ff0de2ba6b5dc23e05a670c371f3,0xa9595ef01554ff0de2ba6b5dc23e05a670c371f3,-45595599282541636,86792125,3451484054539641719296887,32495932578045430852,-200836,0x4200000000000000000000000000000000000006,0x833589fcd6edb6e08f4c7c32d4f71b54bda02913,WETH,18,USDC,6,-0.0455955992825416,86.792125,1897.809320435932,-0.0455955992825416,86.792125,1903.5197774718656,1897.809320435932,86.792125,WETH_OUT,2026-08-18 08:39:09+00:00,0.003,30.0
249,base,50126502,1787042351,732ce4db0d038e80926015cee67ba51b7152aaca169c88a53284bbc9bc0cf7f5,168,566,0xb4cb800910b228ed3d0834cf79d697127bbb00e5,100,0x83d55acdc72027ed339d267eebaf9a41e47490d5,0x51c72848c68a965f66fa7a88855f9f7784502a7f,-155537980869637292,295506499,3453279222819348454856646,172415096172701489,-200826,0x4200000000000000000000000000000000000006,0x833589fcd6edb6e08f4c7c32d4f71b54bda02913,WETH,18,USDC,6,-0.1555379808696372,295.506499,1899.7839916356231,-0.1555379808696372,295.506499,1899.8992872851811,1899.7839916356231,295.506499,WETH_OUT,2026-08-18 08:39:11+00:00,0.0001,1.0
6979,base,50126504,1787042355,b7b786e0bcf5decdcf779493e98989d027df780c47ae1765045941cbc9131089,3,2,0xd0b53d9277642d899df5c87a3966a349a798f224,500,0x83d55acdc72027ed339d267eebaf9a41e47490d5,0x51c72848c68a965f66fa7a88855f9f7784502a7f,-295061656326038682,560613747,3452621818191353874144748,1097441816227701765,-200830,0x4200000000000000000000000000000000000006,0x833589fcd6edb6e08f4c7c32d4f71b54bda02913,WETH,18,USDC,6,-0.2950616563260386,560.613747,1899.060732479373,-0.2950616563260386,560.613747,1899.9884769186356,1899.060732479373,560.613747,WETH_OUT,2026-08-18 08:39:15+00:00,0.0005,5.0
6980,base,50126506,1787042359,26da3e45d8704b689c3c6beeda09005fd12de6d15f03098044153d8c1b30b86f,115,433,0xd0b53d9277642d899df5c87a3966a349a798f224,500,0x83d55acdc72027ed339d267eebaf9a41e47490d5,0x51c72848c68a965f66fa7a88855f9f7784502a7f,-399039221443140928,758190820,3452676527269809318636884,1097441816227701765,-200829,0x4200000000000000000000000000000000000006,0x833589fcd6edb6e08f4c7c32d4f71b54bda02913,WETH,18,USDC,6,-0.3990392214431409,758.19082,1899.120916705288,-0.3990392214431409,758.19082,1900.040846255597,1899.120916705288,758.19082,WETH_OUT,2026-08-18 08:39:19+00:00,0.0005,5.0
250,base,50126506,1787042359,1d9422da82b330f49a3320bd0cf232907cf9cc01dbec24f59c8c88db0c16091d,119,442,0xb4cb800910b228ed3d0834cf79d697127bbb00e5,100,0x83d55acdc72027ed339d267eebaf9a41e47490d5,0x51c72848c68a965f66fa7a88855f9f7784502a7f,-137909353735800615,262033321,3453399620295592513248433,172415096172701489,-200825,0x4200000000000000000000000000000000000006,0x833589fcd6edb6e08f4c7c32d4f71b54bda02913,WETH,18,USDC,6,-0.1379093537358006,262.033321,1899.9164646680813,-0.1379093537358006,262.033321,1900.0402358638376,1899.9164646680813,262.033321,WETH_OUT,2026-08-18 08:39:19+00:00,0.0001,1.0
251,base,50126507,1787042361,5872d9b4ba72a5a0c6b97f17a625c9044c0dba79c122b7a0d83322cafd725435,110,313,0xb4cb800910b228ed3d0834cf79d697127bbb00e5,100,0x2aa7d880b7ad5964c02b919074fb27a71a7ddd07,0x2aa7d880b7ad5964c02b919074fb27a71a7ddd07,4847636989345792,-9209173,3453395388497599990643942,172415096172701489,-200825,0x4200000000000000000000000000000000000006,0x833589fcd6edb6e08f4c7c32d4f71b54bda02913,WETH,18,USDC,6,0.0048476369893457,-9.209173,1899.911808353355,0.0048476369893457,-9.209173,1899.7241378098356,1899.911808353355,9.209173,WETH_IN,2026-08-18 08:39:21+00:00,0.0001,1.0
6981,base,50126508,1787042363,de8417995b25091ca3d508e67db91371f5d3a535669bae6a3aa0c8ff9403beaa,7,16,0xd0b53d9277642d899df5c87a3966a349a798f224,500,0xc174cfd48383e7041d0224b004192cbcca3eeb7b,0x01989c93890aed05a63d179b03424997075b6acf,-775826213216261476,1474170269,3452782899563900500000000,1097441816227701765,-200829,0x4200000000000000000000000000000000000006,0x833589fcd6edb6e08f4c7c32d4f71b54bda02913,WETH,18,USDC,6,-0.7758262132162616,1474.170269,1899.2379372016812,-0.7758262132162616,1474.170269,1900.1294927747888,1899.2379372016812,1474.170269,WETH_OUT,2026-08-18 08:39:23+00:00,0.0005,5.0
252,base,50126508,1787042363,869db466a80ebc83052830bda14bf9301d964437f356b835e436cf5816629631,51,203,0xb4cb800910b228ed3d0834cf79d697127bbb00e5,100,0x2ad4fffaac5100b1bedaa60617bcef02e7ecf186,0x2ad4fffaac5100b1bedaa60617bcef02e7ecf186,14252705478295510,-27076078,3453382946501767536703186,172415096172701489,-200825,0x4200000000000000000000000000000000000006,0x833589fcd6edb6e08f4c7c32d4f71b54bda02913,WETH,18,USDC,6,0.0142527054782955,-27.076078,1899.898118260238,0.0142527054782955,-27.076078,1899.714972798136,1899.898118260238,27.076078,WETH_IN,2026-08-18 08:39:23+00:00,0.0001,1.0
253,base,50126508,1787042363,b776a98d65d0fc72f4e82b09a8a6f15fc17da0b45a68f6bb9f25011faff7ffe0,79,283,0xb4cb800910b228ed3d0834cf79d697127bbb00e5,100,0xc774f0643949d72bc72c470b382b68006a507c6f,0xc774f0643949d72bc72c470b382b68006a507c6f,-31550570687232694,59949343,3453410491661225244583354,172415096172701489,-200825,0x4200000000000000000000000000000000000006,0x833589fcd6edb6e08f4c7c32d4f71b54bda02913,WETH,18,USDC,6,-0.0315505706872326,59.949343,1899.9284266309824,-0.0315505706872326,59.949343,1900.1032847960244,1899.9284266309824,59.949343,WETH_OUT,2026-08-18 08:39:23+00:00,0.0001,1.0
9973,base,50126509,1787042365,18116d7d4a344c6b73656cc91b93f9a103586eb4273ff5d34cadb2aeae39ff3c,154,565,0x6c561b446416e1a00e8e93e221854d6ea4171372,3000,0xcdbdc59a5eeb54027f8b45b118e3cd1f675d79c5,0xcdbdc59a5eeb54027f8b45b118e3cd1f675d79c5,-10544789607798,20073,3451484054588432871371920,32495932578045430852,-200836,0x4200000000000000000000000000000000000006,0x833589fcd6edb6e08f4c7c32d4f71b54bda02913,WETH,18,USDC,6,-1.0544789607798e-05,0.020073,1897.8093204895877,-1.0544789607798e-05,0.020073,1903.5941679818604,1897.8093204895877,0.020073,WETH_OUT,2026-08-18 08:39:25+00:00,0.003,30.0
254,base,50126509,1787042365,1812040baa09f9a68028347ee17771b1a526600d518d5361870876f9d2ad4c72,192,698,0xb4cb800910b228ed3d0834cf79d697127bbb00e5,100,0x83d55acdc72027ed339d267eebaf9a41e47490d5,0x51c72848c68a965f66fa7a88855f9f7784502a7f,-136707852429017867,259770090,3453529849241706747466540,172415096172701489,-200824,0x4200000000000000000000000000000000000006,0x833589fcd6edb6e08f4c7c32d4f71b54bda02913,WETH,18,USDC,6,-0.1367078524290178,259.77009,1900.059760441134,-0.1367078524290178,259.77009,1900.1841180621216,1900.059760441134,259.77009,WETH_OUT,2026-08-18 08:39:25+00:00,0.0001,1.0
6982,base,50126510,1787042367,d84a63781357cd5d2dbeaf97d2c58073febaad89f5131dc243da44ecd70e3acb,5,10,0xd0b53d9277642d899df5c87a3966a349a798f224,500,0xecec48ec5a7b7f7b96460b0f4e2b99cf0db94cb1,0xecec48ec5a7b7f7b96460b0f4e2b99cf0db94cb1,-253129233589525361,480997975,3452817607127322315670534,1097441816227701765,-200828,0x4200000000000000000000000000000000000006,0x833589fcd6edb6e08f4c7c32d4f71b54bda02913,WETH,18,USDC,6,-0.2531292335895254,480.997975,1899.276119881787,-0.2531292335895254,480.997975,1900.2071320611935,1899.276119881787,480.997975,WETH_OUT,2026-08-18 08:39:27+00:00,0.0005,5.0
6983,base,50126510,1787042367,04d25f3fee23543080967a1ba8877d29914e9519ebbdb1cf989cc818394034b2,67,300,0xd0b53d9277642d899df5c87a3966a349a798f224,500,0x8ad399967db9cae7dbd09e59485879a968772e17,0x61040e143a77f165ba44543af4a079f2c809d14b,-2517932149851068740,4785119189,3453162888888035047902101,1097441816227701765,-200826,0x4200000000000000000000000000000000000006,0x833589fcd6edb6e08f4c7c32d4f71b54bda02913,WETH,18,USDC,6,-2.517932149851069,4785.119189,1899.655994098525,-2.517932149851069,4785.119189,1900.416255967434,1899.655994098525,4785.119189,WETH_OUT,2026-08-18 08:39:27+00:00,0.0005,5.0
255,base,50126511,1787042369,240206e1ca61e81d6902dc9e1a4c23d499e57cc6063abb1d722bff59849158a6,33,81,0xb4cb800910b228ed3d0834cf79d697127bbb00e5,100,0x2aa7d880b7ad5964c02b919074fb27a71a7ddd07,0x2aa7d880b7ad5964c02b919074fb27a71a7ddd07,1112026545913856,-2112705,3453528878411777454806029,172415096172701489,-200824,0x4200000000000000000000000000000000000006,0x833589fcd6edb6e08f4c7c32d4f71b54bda02913,WETH,18,USDC,6,0.0011120265459138,-2.112705,1900.0586921807144,0.0011120265459138,-2.112705,1899.869214240559,1900.0586921807144,2.112705,WETH_IN,2026-08-18 08:39:29+00:00,0.0001,1.0
256,base,50126512,1787042371,35764a725d754a7214c59c7e77df856a4deacf7f3fc447fe2f5ad8111e531f75,87,258,0xb4cb800910b228ed3d0834cf79d697127bbb00e5,100,0x6ff5693b99212da76ad316178a184ab56d299b43,0x61633fb25de2b7565cfd8fff95155846eb2dfbaa,10500000000000000,-19948568,3453519711648293165634944,172415096172701489,-200824,0x4200000000000000000000000000000000000006,0x833589fcd6edb6e08f4c7c32d4f71b54bda02913,WETH,18,USDC,6,0.0105,-19.948568,1900.0486054745452,0.0105,-19.948568,1899.863619047619,1900.0486054745452,19.948568,WETH_IN,2026-08-18 08:39:31+00:00,0.0001,1.0
6984,base,50126513,1787042373,3ec26b057f2fc5eaf3d8f84a01e4f0b224bca93c82c58bc588db2ffe67ca6163,34,89,0xd0b53d9277642d899df5c87a3966a349a798f224,500,0xd8ba9d1a99fc21f0eca24e9b85737c28a194a4e2,0xd8ba9d1a99fc21f0eca24e9b85737c28a194a4e2,29700000000000000,-56391506,3453158817787966449088077,1097441816227701765,-200826,0x4200000000000000000000000000000000000006,0x833589fcd6edb6e08f4c7c32d4f71b54bda02913,WETH,18,USDC,6,0.0297,-56.391506,1899.6515149092493,0.0297,-56.391506,1898.7039057239056,1899.6515149092493,56.391506,WETH_IN,2026-08-18 08:39:33+00:00,0.0005,5.0
257,base,50126514,1787042375,7e56166cf43c2e22570cefaa0ce7c91dde9c4a8e2828e0da1ed7c1b66d705fdc,22,19,0xb4cb800910b228ed3d0834cf79d697127bbb00e5,100,0x2626664c2603336e57b271c5c0b26f421741e481,0xb4acbc082b5e7ded571c98ee4257778a9d784b36,-15424676835237157,29310682,3453533179141752100196373,172415096172701489,-200824,0x4200000000000000000000000000000000000006,0x833589fcd6edb6e08f4c7c32d4f71b54bda02913,WETH,18,USDC,6,-0.0154246768352371,29.310682,1900.063424525366,-0.0154246768352371,29.310682,1900.2461000052028,1900.063424525366,29.310682,WETH_OUT,2026-08-18 08:39:35+00:00,0.0001,1.0
258,base,50126514,1787042375,62e4cb02875666210195d5bda6a335781c118700ab102a860f5f99a555041c87,24,53,0xb4cb800910b228ed3d0834cf79d697127bbb00e5,100,0x83d55acdc72027ed339d267eebaf9a41e47490d5,0x51c72848c68a965f66fa7a88855f9f7784502a7f,134095858525629968,-254756521,3453416113458329535021963,172415096172701489,-200825,0x4200000000000000000000000000000000000006,0x833589fcd6edb6e08f4c7c32d4f71b54bda02913,WETH,18,USDC,6,0.1340958585256299,-254.756521,1899.934612412167,0.1340958585256299,-254.756521,1899.8090157371112,1899.934612412167,254.756521,WETH_IN,2026-08-18 08:39:35+00:00,0.0001,1.0
9974,base,50126520,1787042387,1d595c663a54081630948ad6fb9805cf6689a6fa3c143a6db50c780cf78bca12,71,429,0x6c561b446416e1a00e8e93e221854d6ea4171372,3000,0x2626664c2603336e57b271c5c0b26f421741e481,0xd0a40c6526acdebd4f6d87931098ff37a9f8e4bf,9900000000000000,-18731947,3451484008918171076439166,32495932578045430852,-200836,0x4200000000000000000000000000000000000006,0x833589fcd6edb6e08f4c7c32d4f71b54bda02913,WETH,18,USDC,6,0.0099,-18.731947,1897.8092702657152,0.0099,-18.731947,1892.1158585858584,1897.8092702657152,18.731947,WETH_IN,2026-08-18 08:39:47+00:00,0.003,30.0
259,base,50126522,1787042391,7c0fba0643d4e668de0685c2b6951ce58031f2796644f8334795a4bfef97ae90,86,306,0xb4cb800910b228ed3d0834cf79d697127bbb00e5,100,0x2626664c2603336e57b271c5c0b26f421741e481,0xeb7c90d3d8eb5cce9c3da4725ba9d5177cf8cc50,-34049468704425288,64698791,3453445840865241044604446,172415096172701489,-200825,0x4200000000000000000000000000000000000006,0x833589fcd6edb6e08f4c7c32d4f71b54bda02913,WETH,18,USDC,6,-0.0340494687044252,64.698791,1899.9673222684755,-0.0340494687044252,64.698791,1900.140984919137,1899.9673222684755,64.698791,WETH_OUT,2026-08-18 08:39:51+00:00,0.0001,1.0
9975,base,50126524,1787042395,f2ce4df595e45c2cd4eafa9be2de2db7af9d2dbaafa92ad63510931cd5b45aae,98,438,0x6c561b446416e1a00e8e93e221854d6ea4171372,3000,0x2626664c2603336e57b271c5c0b26f421741e481,0xd0a40c6526acdebd4f6d87931098ff37a9f8e4bf,9900000000000000,-18731946,3451483963247910490130153,32495932578045430852,-200836,0x4200000000000000000000000000000000000006,0x833589fcd6edb6e08f4c7c32d4f71b54bda02913,WETH,18,USDC,6,0.0099,-18.731946,1897.809220041844,0.0099,-18.731946,1892.1157575757572,1897.809220041844,18.731946,WETH_IN,2026-08-18 08:39:55+00:00,0.003,30.0
260,base,50126525,1787042397,2e541ad13d9b9fe5a332b7fe21656758a2a75db11878e96174e0b272a7b6c5cd,54,276,0xb4cb800910b228ed3d0834cf79d697127bbb00e5,100,0x8ad399967db9cae7dbd09e59485879a968772e17,0x61040e143a77f165ba44543af4a079f2c809d14b,-395511208582407910,751608679,3453791185449327568708906,172415096172701489,-200823,0x4200000000000000000000000000000000000006,0x833589fcd6edb6e08f4c7c32d4f71b54bda02913,WETH,18,USDC,6,-0.3955112085824079,751.608679,1900.3473347326023,-0.3955112085824079,751.608679,1900.347354741013,1900.3473347326023,751.608679,WETH_OUT,2026-08-18 08:39:57+00:00,0.0001,1.0
261,base,50126525,1787042397,7cc1531ce0cfbf552fbea90d185d809f8dd6f45634af95087dcc4206131cdb9d,66,374,0xb4cb800910b228ed3d0834cf79d697127bbb00e5,100,0x6c6f13d731a53e58ef182ea46fe726ca06360cf8,0xbeeb9eee061925cc6d2122f05a4e6536f0feb000,254158143120754465,-482909422,3453569278974678390640247,172415096172701489,-200824,0x4200000000000000000000000000000000000006,0x833589fcd6edb6e08f4c7c32d4f71b54bda02913,WETH,18,USDC,6,0.2541581431207544,-482.909422,1900.1031475146144,0.2541581431207544,-482.909422,1900.035214573323,1900.1031475146144,482.909422,WETH_IN,2026-08-18 08:39:57+00:00,0.0001,1.0
262,base,50126525,1787042397,61035ede69ce9154a70b3c93477a97736bf82240bea570bc8bad89e803e10b68,124,560,0xb4cb800910b228ed3d0834cf79d697127bbb00e5,100,0xc774f0643949d72bc72c470b382b68006a507c6f,0xc774f0643949d72bc72c470b382b68006a507c6f,31577673092165164,-59994357,3453541710375556557997374,172415096172701489,-200824,0x4200000000000000000000000000000000000006,0x833589fcd6edb6e08f4c7c32d4f71b54bda02913,WETH,18,USDC,6,0.0315776730921651,-59.994357,1900.0728119581768,0.0315776730921651,-59.994357,1899.8979698376,1900.0728119581768,59.994357,WETH_IN,2026-08-18 08:39:57+00:00,0.0001,1.0
263,base,50126525,1787042397,5d90c2fe4bf091463637aba3fc4718aa9f12cbbacd5834aa33c581dd565153d6,125,563,0xb4cb800910b228ed3d0834cf79d697127bbb00e5,100,0xc774f0643949d72bc72c470b382b68006a507c6f,0xc774f0643949d72bc72c470b382b68006a507c6f,27511859977185572,-52268946,3453517691756225439897369,172415096172701489,-200824,0x4200000000000000000000000000000000000006,0x833589fcd6edb6e08f4c7c32d4f71b54bda02913,WETH,18,USDC,6,0.0275118599771855,-52.268946,1900.0463828771344,0.0275118599771855,-52.268946,1899.869585093281,1900.0463828771344,52.268946,WETH_IN,2026-08-18 08:39:57+00:00,0.0001,1.0
264,base,50126525,1787042397,857f6141a8f2b12081fa4bcda436d687bc27295dd709395a4bc87ef8880636ee,137,607,0xb4cb800910b228ed3d0834cf79d697127bbb00e5,100,0xc774f0643949d72bc72c470b382b68006a507c6f,0xc774f0643949d72bc72c470b382b68006a507c6f,18134341573829914,-34452486,3453501860154090212165488,172415096172701489,-200825,0x4200000000000000000000000000000000000006,0x833589fcd6edb6e08f4c7c32d4f71b54bda02913,WETH,18,USDC,6,0.0181343415738299,-34.452486,1900.0289625468456,0.0181343415738299,-34.452486,1899.847637684248,1900.0289625468456,34.452486,WETH_IN,2026-08-18 08:39:57+00:00,0.0001,1.0
6985,base,50126526,1787042399,1b6450e27377083cbc3d055e551894c919b91ca474a5942d11c95082de8ed630,48,172,0xd0b53d9277642d899df5c87a3966a349a798f224,500,0x2626664c2603336e57b271c5c0b26f421741e481,0x2626664c2603336e57b271c5c0b26f421741e481,5793433793489820,-11000000,3453158023659498980446192,1097441816227701765,-200826,0x4200000000000000000000000000000000000006,0x833589fcd6edb6e08f4c7c32d4f71b54bda02913,WETH,18,USDC,6,0.0057934337934898,-11.0,1899.650641177543,0.0057934337934898,-11.0,1898.7012525043244,1899.650641177543,11.0,WETH_IN,2026-08-18 08:39:59+00:00,0.0005,5.0
265,base,50126526,1787042399,4df9cfe170ceb069d2e579ea764a2a70b669bf7f27da99f1d74d73a03d2ad810,98,453,0xb4cb800910b228ed3d0834cf79d697127bbb00e5,100,0x7747f8d2a76bd6345cc29622a946a929647f2359,0x7747f8d2a76bd6345cc29622a946a929647f2359,15723504617476378,-29872007,3453488133372905210678032,172415096172701489,-200825,0x4200000000000000000000000000000000000006,0x833589fcd6edb6e08f4c7c32d4f71b54bda02913,WETH,18,USDC,6,0.0157235046174763,-29.872007,1900.0138583245016,0.0157235046174763,-29.872007,1899.831349735976,1900.0138583245016,29.872007,WETH_IN,2026-08-18 08:39:59+00:00,0.0001,1.0
9976,base,50126527,1787042401,2d914a7fb018de4a37445e5d4a7a1ac7e395a5aa8a0458f6d785df78844f14fa,1,4,0x6c561b446416e1a00e8e93e221854d6ea4171372,3000,0x2626664c2603336e57b271c5c0b26f421741e481,0xd0a40c6526acdebd4f6d87931098ff37a9f8e4bf,9900000000000000,-18731946,3451483917577651112444833,32495932578045430852,-200836,0x4200000000000000000000000000000000000006,0x833589fcd6edb6e08f4c7c32d4f71b54bda02913,WETH,18,USDC,6,0.0099,-18.731946,1897.8091698179755,0.0099,-18.731946,1892.1157575757572,1897.8091698179755,18.731946,WETH_IN,2026-08-18 08:40:01+00:00,0.003,30.0
6986,base,50126527,1787042401,1d2f0842304da5311c70de1c0104033787f132be2cd235a74eee2f09c6706d93,5,13,0xd0b53d9277642d899df5c87a3966a349a798f224,500,0x2626664c2603336e57b271c5c0b26f421741e481,0x2626664c2603336e57b271c5c0b26f421741e481,-791608688527492,1504533,3453158132222635963172944,1097441816227701765,-200826,0x4200000000000000000000000000000000000006,0x833589fcd6edb6e08f4c7c32d4f71b54bda02913,WETH,18,USDC,6,-0.0007916086885274,1.504533,1899.6507606230105,-0.0007916086885274,1.504533,1900.6019284586823,1899.6507606230105,1.504533,WETH_OUT,2026-08-18 08:40:01+00:00,0.0005,5.0
266,base,50126528,1787042403,17f594d24c3bb83744cd4f7be4d3ea732b13310db85b5be0362cac6f982bdafd,139,425,0xb4cb800910b228ed3d0834cf79d697127bbb00e5,100,0x83d55acdc72027ed339d267eebaf9a41e47490d5,0x51c72848c68a965f66fa7a88855f9f7784502a7f,136795938034045600,-259879199,3453368713716884591229656,172415096172701489,-200825,0x4200000000000000000000000000000000000006,0x833589fcd6edb6e08f4c7c32d4f71b54bda02913,WETH,18,USDC,6,0.1367959380340456,-259.879199,1899.882457798649,0.1367959380340456,-259.879199,1899.758156088828,1899.882457798649,259.879199,WETH_IN,2026-08-18 08:40:03+00:00,0.0001,1.0
9977,base,50126529,1787042405,24ab800328d4c7197398d84d1c71f514cbb092a5110680286bd37d9ec1a04705,98,483,0x6c561b446416e1a00e8e93e221854d6ea4171372,3000,0x2626664c2603336e57b271c5c0b26f421741e481,0xd0a40c6526acdebd4f6d87931098ff37a9f8e4bf,9900000000000000,-18731945,3451483871907392943383158,32495932578045430852,-200836,0x4200000000000000000000000000000000000006,0x833589fcd6edb6e08f4c7c32d4f71b54bda02913,WETH,18,USDC,6,0.0099,-18.731945,1897.8091195941088,0.0099,-18.731945,1892.1156565656563,1897.8091195941088,18.731945,WETH_IN,2026-08-18 08:40:05+00:00,0.003,30.0
267,base,50126530,1787042407,4bb92f3f5fda1121d7d3cf0caf2b906e9bb83cce99999c040a6b38b417fe9562,109,572,0xb4cb800910b228ed3d0834cf79d697127bbb00e5,100,0x11111605b53ecef22726df86881e4d6d40b5ca11,0x111111125421ca6dc452d289314280a0f8842a65,12356647691664268,-23473757,3453357927059014504335245,172415096172701489,-200825,0x4200000000000000000000000000000000000006,0x833589fcd6edb6e08f4c7c32d4f71b54bda02913,WETH,18,USDC,6,0.0123566476916642,-23.473757,1899.8705891846896,0.0123566476916642,-23.473757,1899.686515772015,1899.8705891846896,23.473757,WETH_IN,2026-08-18 08:40:07+00:00,0.0001,1.0
268,base,50126534,1787042415,5dc747aa8265b5af7872a691c7b98252bacab152cd8ad9e8d071bb722d8d726a,129,664,0xb4cb800910b228ed3d0834cf79d697127bbb00e5,100,0x2626664c2603336e57b271c5c0b26f421741e481,0xeb7c90d3d8eb5cce9c3da4725ba9d5177cf8cc50,-8512380416487888,16174074,3453365358623887103118897,172415096172701489,-200825,0x4200000000000000000000000000000000000006,0x833589fcd6edb6e08f4c7c32d4f71b54bda02913,WETH,18,USDC,6,-0.0085123804164878,16.174074,1899.878766168961,-0.0085123804164878,16.174074,1900.0647537640525,1899.878766168961,16.174074,WETH_OUT,2026-08-18 08:40:15+00:00,0.0001,1.0
269,base,50126535,1787042417,0e7ed8900e4a2a1698772ef27ad24534300aac0daaec34c25333d56f7ef4d4c8,22,42,0xb4cb800910b228ed3d0834cf79d697127bbb00e5,100,0x83d55acdc72027ed339d267eebaf9a41e47490d5,0x51c72848c68a965f66fa7a88855f9f7784502a7f,149895113096010752,-284743275,3453234513431204838924448,172415096172701489,-200826,0x4200000000000000000000000000000000000006,0x833589fcd6edb6e08f4c7c32d4f71b54bda02913,WETH,18,USDC,6,0.1498951130960107,-284.743275,1899.7347991872011,0.1498951130960107,-284.743275,1899.6167994991024,1899.7347991872011,284.743275,WETH_IN,2026-08-18 08:40:17+00:00,0.0001,1.0
270,base,50126535,1787042417,b7a28c572cdf36aa3d25d1a604e76ccd91a8985231693fbeffebb520be249edf,173,686,0xb4cb800910b228ed3d0834cf79d697127bbb00e5,100,0x83d55acdc72027ed339d267eebaf9a41e47490d5,0x51c72848c68a965f66fa7a88855f9f7784502a7f,132633729199469776,-251935267,3453118744169868689411881,172415096172701489,-200827,0x4200000000000000000000000000000000000006,0x833589fcd6edb6e08f4c7c32d4f71b54bda02913,WETH,18,USDC,6,0.1326337291994697,-251.935267,1899.6074245724728,0.1326337291994697,-251.935267,1899.4811389274207,1899.6074245724728,251.935267,WETH_IN,2026-08-18 08:40:17+00:00,0.0001,1.0
9978,base,50126536,1787042419,dd48bb61555c1f09e72afb67bab9482cabad856fb9187c53fc25a818ed94f277,5,18,0x6c561b446416e1a00e8e93e221854d6ea4171372,3000,0x2626664c2603336e57b271c5c0b26f421741e481,0xd0a40c6526acdebd4f6d87931098ff37a9f8e4bf,-52008914963738691,99000000,3451484112546580259573261,32497023497549448150,-200836,0x4200000000000000000000000000000000000006,0x833589fcd6edb6e08f4c7c32d4f71b54bda02913,WETH,18,USDC,6,-0.0520089149637386,99.0,1897.809384226526,-0.0520089149637386,99.0,1903.519811344346,1897.809384226526,99.0,WETH_OUT,2026-08-18 08:40:19+00:00,0.003,30.0
9979,base,50126536,1787042419,52afc755a3f366c700cfc6c06e8118b2bda94d2bdab467d55cf7f493133c13c2,93,423,0x6c561b446416e1a00e8e93e221854d6ea4171372,3000,0x2626664c2603336e57b271c5c0b26f421741e481,0xd0a40c6526acdebd4f6d87931098ff37a9f8e4bf,-52008907711564410,99000000,3451484353185767575763364,32497023497549448150,-200836,0x4200000000000000000000000000000000000006,0x833589fcd6edb6e08f4c7c32d4f71b54bda02913,WETH,18,USDC,6,-0.0520089077115644,99.0,1897.8096488589615,-0.0520089077115644,99.0,1903.5200767730587,1897.8096488589615,99.0,WETH_OUT,2026-08-18 08:40:19+00:00,0.003,30.0
9980,base,50126537,1787042421,c72a54e597b896f2688bc2890a3e38a82660d709656e789f1cd894310df81cdb,101,488,0x6c561b446416e1a00e8e93e221854d6ea4171372,3000,0x2626664c2603336e57b271c5c0b26f421741e481,0xd0a40c6526acdebd4f6d87931098ff37a9f8e4bf,-52008900459391645,99000000,3451484593824954891953467,32497023497549448150,-200836,0x4200000000000000000000000000000000000006,0x833589fcd6edb6e08f4c7c32d4f71b54bda02913,WETH,18,USDC,6,-0.0520089004593916,99.0,1897.809913491416,-0.0520089004593916,99.0,1903.5203422017896,1897.809913491416,99.0,WETH_OUT,2026-08-18 08:40:21+00:00,0.003,30.0
9981,base,50126537,1787042421,5419d76206d54fe575a6f06feca9450ed2f087fb38d4e357534c61e0162b36ba,118,579,0x6c561b446416e1a00e8e93e221854d6ea4171372,3000,0x41c235c5055bd89b08898b3d3b4f4975dc42a61c,0x498581ff718922c3f8e6a244956af099b2652b2b,56012668355278,-105982,3451484593566568206584739,32497023497549448150,-200836,0x4200000000000000000000000000000000000006,0x833589fcd6edb6e08f4c7c32d4f71b54bda02913,WETH,18,USDC,6,5.6012668355278e-05,-0.105982,1897.809913207267,5.6012668355278e-05,-0.105982,1892.1076804942727,1897.809913207267,0.105982,WETH_IN,2026-08-18 08:40:21+00:00,0.003,30.0
271,base,50126539,1787042425,8a845f74e0b7569e57b5f78410ed424972be1d81ddf9d6e97c6fc83806d2b37d,78,410,0xb4cb800910b228ed3d0834cf79d697127bbb00e5,100,0x83d55acdc72027ed339d267eebaf9a41e47490d5,0x51c72848c68a965f66fa7a88855f9f7784502a7f,138487880896630576,-263037091,3452997873399647531175497,172415096172701489,-200827,0x4200000000000000000000000000000000000006,0x833589fcd6edb6e08f4c7c32d4f71b54bda02913,WETH,18,USDC,6,0.1384878808966305,-263.037091,1899.4744416019885,0.1384878808966305,-263.037091,1899.350970619117,1899.4744416019885,263.037091,WETH_IN,2026-08-18 08:40:25+00:00,0.0001,1.0
272,base,50126539,1787042425,38e9b969aeaf413407feb52ed805720a850acbd92c8e5b932bc328d695ab26d5,114,556,0xb4cb800910b228ed3d0834cf79d697127bbb00e5,100,0x83d55acdc72027ed339d267eebaf9a41e47490d5,0x51c72848c68a965f66fa7a88855f9f7784502a7f,226696240658557728,-430535985,3452800033559606344029170,172415096172701489,-200829,0x4200000000000000000000000000000000000006,0x833589fcd6edb6e08f4c7c32d4f71b54bda02913,WETH,18,USDC,6,0.2266962406585577,-430.535985,1899.256786701548,0.2266962406585577,-430.535985,1899.1756711504488,1899.256786701548,430.535985,WETH_IN,2026-08-18 08:40:25+00:00,0.0001,1.0
9982,base,50126539,1787042425,194150120ab3ef97b0f6f53c54e0922a403d36240196f6eeec4aa09de88f94c8,135,639,0x6c561b446416e1a00e8e93e221854d6ea4171372,3000,0x2626664c2603336e57b271c5c0b26f421741e481,0xf67f0e9736c0600a629c641a84f0805c56c0a605,5827010847902982914,-11025297410,3451457713749250794701729,32497023497549448150,-200836,0x4200000000000000000000000000000000000006,0x833589fcd6edb6e08f4c7c32d4f71b54bda02913,WETH,18,USDC,6,5.827010847902983,-11025.29741,1897.780353414229,5.827010847902983,-11025.29741,1892.1017478400213,1897.780353414229,11025.29741,WETH_IN,2026-08-18 08:40:25+00:00,0.003,30.0
9983,base,50126539,1787042425,194150120ab3ef97b0f6f53c54e0922a403d36240196f6eeec4aa09de88f94c8,135,649,0x6c561b446416e1a00e8e93e221854d6ea4171372,3000,0x2626664c2603336e57b271c5c0b26f421741e481,0xf67f0e9736c0600a629c641a84f0805c56c0a605,-190282353948816256,362200808,3451458593779454455716008,32510719292277878473,-200836,0x4200000000000000000000000000000000000006,0x833589fcd6edb6e08f4c7c32d4f71b54bda02913,WETH,18,USDC,6,-0.1902823539488162,362.200808,1897.7813211816956,-0.1902823539488162,362.200808,1903.4913142677844,1897.7813211816956,362.200808,WETH_OUT,2026-08-18 08:40:25+00:00,0.003,30.0
6987,base,50126539,1787042425,d5104bab500b4ddd2bb679c48d9958e0a51eef1ec2b9a86b563a90f67e7ddb41,221,953,0xd0b53d9277642d899df5c87a3966a349a798f224,500,0xd8ba9d1a99fc21f0eca24e9b85737c28a194a4e2,0xd8ba9d1a99fc21f0eca24e9b85737c28a194a4e2,113557042737178334,-215609891,3453142566590582435825625,1097441816227701765,-200827,0x4200000000000000000000000000000000000006,0x833589fcd6edb6e08f4c7c32d4f71b54bda02913,WETH,18,USDC,6,0.1135570427371783,-215.609891,1899.6336347359268,0.1135570427371783,-215.609891,1898.6923734797983,1899.6336347359268,215.609891,WETH_IN,2026-08-18 08:40:25+00:00,0.0005,5.0
273,base,50126540,1787042427,f7aeb2441a0d884550631ee1a9332bada1249158144e7961ed51a41152ff1276,16,47,0xb4cb800910b228ed3d0834cf79d697127bbb00e5,100,0x111116053f09d34a7eae8102887004445176ca11,0x111111125421ca6dc452d289314280a0f8842a65,17000000000000000,-32283997,3452785198421088083299039,172415096172701489,-200829,0x4200000000000000000000000000000000000006,0x833589fcd6edb6e08f4c7c32d4f71b54bda02913,WETH,18,USDC,6,0.017,-32.283997,1899.2404662215265,0.017,-32.283997,1899.0586470588237,1899.2404662215265,32.283997,WETH_IN,2026-08-18 08:40:27+00:00,0.0001,1.0
6988,base,50126541,1787042429,b788346ea857686c954efdabc5845dc52104ea567130f027ee487882d93f327b,109,278,0xd0b53d9277642d899df5c87a3966a349a798f224,500,0xfdf682f51fe81aa4898f0ae2163d8a55c127fbc7,0xfdf682f51fe81aa4898f0ae2163d8a55c127fbc7,980000000000000,-1860710,3453142432259415559592425,1097441816227701765,-200827,0x4200000000000000000000000000000000000006,0x833589fcd6edb6e08f4c7c32d4f71b54bda02913,WETH,18,USDC,6,0.00098,-1.86071,1899.6334869401192,0.00098,-1.86071,1898.683673469388,1899.6334869401192,1.86071,WETH_IN,2026-08-18 08:40:29+00:00,0.0005,5.0
9984,base,50126541,1787042429,b788346ea857686c954efdabc5845dc52104ea567130f027ee487882d93f327b,109,284,0x6c561b446416e1a00e8e93e221854d6ea4171372,3000,0xfdf682f51fe81aa4898f0ae2163d8a55c127fbc7,0xfdf682f51fe81aa4898f0ae2163d8a55c127fbc7,280000000000000,-529784,3451458592488402705953474,32511371478417262573,-200836,0x4200000000000000000000000000000000000006,0x833589fcd6edb6e08f4c7c32d4f71b54bda02913,WETH,18,USDC,6,0.00028,-0.529784,1897.7813197619284,0.00028,-0.529784,1892.0857142857144,1897.7813197619284,0.529784,WETH_IN,2026-08-18 08:40:29+00:00,0.003,30.0
274,base,50126541,1787042429,b788346ea857686c954efdabc5845dc52104ea567130f027ee487882d93f327b,109,291,0xb4cb800910b228ed3d0834cf79d697127bbb00e5,100,0xfdf682f51fe81aa4898f0ae2163d8a55c127fbc7,0xfdf682f51fe81aa4898f0ae2163d8a55c127fbc7,1400000000000000,-2658669,3452783976709479800165862,172415096172701489,-200829,0x4200000000000000000000000000000000000006,0x833589fcd6edb6e08f4c7c32d4f71b54bda02913,WETH,18,USDC,6,0.0014,-2.658669,1899.2391221913704,0.0014,-2.658669,1899.0492857142856,1899.2391221913704,2.658669,WETH_IN,2026-08-18 08:40:29+00:00,0.0001,1.0
6989,base,50126543,1787042433,21d697de343276fa00e16f1794ae85aa3872c50fae529d505246a77bb0478cac,142,625,0xd0b53d9277642d899df5c87a3966a349a798f224,500,0x7747f8d2a76bd6345cc29622a946a929647f2359,0x7747f8d2a76bd6345cc29622a946a929647f2359,123920778907203,-235286,3453142415273270558197457,1097441816227701765,-200827,0x4200000000000000000000000000000000000006,0x833589fcd6edb6e08f4c7c32d4f71b54bda02913,WETH,18,USDC,6,0.0001239207789072,-0.235286,1899.6334682513727,0.0001239207789072,-0.235286,1898.6807706897316,1899.6334682513727,0.235286,WETH_IN,2026-08-18 08:40:33+00:00,0.0005,5.0
275,base,50126546,1787042439,a8fffcf58b2f67647ee2678ad0a18e6445e4674c0c721bd8d553b247d74cd73f,75,346,0xb4cb800910b228ed3d0834cf79d697127bbb00e5,100,0x2626664c2603336e57b271c5c0b26f421741e481,0xeb7c90d3d8eb5cce9c3da4725ba9d5177cf8cc50,-8512937639667843,16169756,3452791406290605121788337,172415096172701489,-200829,0x4200000000000000000000000000000000000006,0x833589fcd6edb6e08f4c7c32d4f71b54bda02913,WETH,18,USDC,6,-0.0085129376396678,16.169756,1899.247295634257,-0.0085129376396678,16.169756,1899.433155090152,1899.247295634257,16.169756,WETH_OUT,2026-08-18 08:40:39+00:00,0.0001,1.0
276,base,50126547,1787042441,4bc8a4e9d03dc1d6b69ba8ea9300e6625430398b258aeed6b4c0f109871e9260,77,285,0xb4cb800910b228ed3d0834cf79d697127bbb00e5,100,0x83d55acdc72027ed339d267eebaf9a41e47490d5,0x51c72848c68a965f66fa7a88855f9f7784502a7f,180108995616852224,-342021746,3452634240502164211033404,172415096172701489,-200830,0x4200000000000000000000000000000000000006,0x833589fcd6edb6e08f4c7c32d4f71b54bda02913,WETH,18,USDC,6,0.1801089956168522,-342.021746,1899.0743979002316,0.1801089956168522,-342.021746,1898.970924959165,1899.0743979002316,342.021746,WETH_IN,2026-08-18 08:40:41+00:00,0.0001,1.0
277,base,50126551,1787042449,dff784df9f6976533d1118fd06301717774240956be909f716dfa1ec58d27f27,6,10,0xb4cb800910b228ed3d0834cf79d697127bbb00e5,100,0x83d55acdc72027ed339d267eebaf9a41e47490d5,0x51c72848c68a965f66fa7a88855f9f7784502a7f,175083338163058848,-332448325,3452481473891164501039664,172415096172701489,-200830,0x4200000000000000000000000000000000000006,0x833589fcd6edb6e08f4c7c32d4f71b54bda02913,WETH,18,USDC,6,0.1750833381630588,-332.448325,1898.90634723438,0.1750833381630588,-332.448325,1898.800471181237,1898.90634723438,332.448325,WETH_IN,2026-08-18 08:40:49+00:00,0.0001,1.0
6990,base,50126551,1787042449,4968f8c5d5a88fc99c579cac77e186a4bd4bfaad3cec831c37955cf2aeb027fe,73,237,0xd0b53d9277642d899df5c87a3966a349a798f224,500,0x83d55acdc72027ed339d267eebaf9a41e47490d5,0x51c72848c68a965f66fa7a88855f9f7784502a7f,269660239497730144,-511994007,3453105452635387947914684,1097441816227701765,-200827,0x4200000000000000000000000000000000000006,0x833589fcd6edb6e08f4c7c32d4f71b54bda02913,WETH,18,USDC,6,0.2696602394977301,-511.994007,1899.592800894076,0.2696602394977301,-511.994007,1898.6633252037504,1899.592800894076,511.994007,WETH_IN,2026-08-18 08:40:49+00:00,0.0005,5.0
278,base,50126551,1787042449,7eec03854d2419c976ac7da3498a5f6b0df3184ebd6a175cfeebb05ac5110408,81,271,0xb4cb800910b228ed3d0834cf79d697127bbb00e5,100,0x83d55acdc72027ed339d267eebaf9a41e47490d5,0x51c72848c68a965f66fa7a88855f9f7784502a7f,134431907009118224,-255239402,3452364186314043446782281,172415096172701489,-200831,0x4200000000000000000000000000000000000006,0x833589fcd6edb6e08f4c7c32d4f71b54bda02913,WETH,18,USDC,6,0.1344319070091182,-255.239402,1898.7773302689045,0.1344319070091182,-255.239402,1898.6519471354943,1898.7773302689045,255.239402,WETH_IN,2026-08-18 08:40:49+00:00,0.0001,1.0
279,base,50126552,1787042451,5226f3d62f57e9731f4561eeb958eeb55c8bc449fa29120ac04823ef773e0660,111,314,0xb4cb800910b228ed3d0834cf79d697127bbb00e5,100,0x6ff5693b99212da76ad316178a184ab56d299b43,0x6ff5693b99212da76ad316178a184ab56d299b43,-526604068303792,1000005,3452364645789799161994254,172415096172701489,-200831,0x4200000000000000000000000000000000000006,0x833589fcd6edb6e08f4c7c32d4f71b54bda02913,WETH,18,USDC,6,-0.0005266040683037,1.000005,1898.7778356861545,-0.0005266040683037,1.000005,1898.96937792571,1898.7778356861545,1.000005,WETH_OUT,2026-08-18 08:40:51+00:00,0.0001,1.0
6991,base,50126554,1787042455,ea858732ab8b276f100064d2ebd8165c679a5ca424a69f7c3aef1b0cb42ba07b,18,44,0xd0b53d9277642d899df5c87a3966a349a798f224,500,0x6ff5693b99212da76ad316178a184ab56d299b43,0x63bf8782d8000245efa0a2dc04cbb8fc79d5f591,10000000000000000,-18986422,3453104081939150741744010,1097441816227701765,-200827,0x4200000000000000000000000000000000000006,0x833589fcd6edb6e08f4c7c32d4f71b54bda02913,WETH,18,USDC,6,0.01,-18.986422,1899.5912928230225,0.01,-18.986422,1898.6422,1899.5912928230225,18.986422,WETH_IN,2026-08-18 08:40:55+00:00,0.0005,5.0
9985,base,50126554,1787042455,74bce5e17b429125067ecaac06dbed6c00820f3c7843d35a987d24eac1ed066c,95,386,0x6c561b446416e1a00e8e93e221854d6ea4171372,3000,0x2626664c2603336e57b271c5c0b26f421741e481,0xd0a40c6526acdebd4f6d87931098ff37a9f8e4bf,-41096977767110232,78227765,3451458782552623791129419,32511371478417262573,-200836,0x4200000000000000000000000000000000000006,0x833589fcd6edb6e08f4c7c32d4f71b54bda02913,WETH,18,USDC,6,-0.0410969777671102,78.227765,1897.7815287752069,-0.0410969777671102,78.227765,1903.491917174635,1897.7815287752069,78.227765,WETH_OUT,2026-08-18 08:40:55+00:00,0.003,30.0
280,base,50126561,1787042469,8c96553b3dc5db61bc877b512d33972ec7d7512cf653b15aec96a068b7e11546,139,489,0xb4cb800910b228ed3d0834cf79d697127bbb00e5,100,0xc774f0643949d72bc72c470b382b68006a507c6f,0xc774f0643949d72bc72c470b382b68006a507c6f,-71447658333400442,135679248,3452426986865290352289636,172415096172701489,-200831,0x4200000000000000000000000000000000000006,0x833589fcd6edb6e08f4c7c32d4f71b54bda02913,WETH,18,USDC,6,-0.0714476583334004,135.679248,1898.8464106678207,-0.0714476583334004,135.679248,1899.0020270065656,1898.8464106678207,135.679248,WETH_OUT,2026-08-18 08:41:09+00:00,0.0001,1.0
9986,base,50126563,1787042473,b3c61b5de7d9e2d5da74e6c46742f57ec0103bfafccb08d90a3014a4ab1b0af6,1,4,0x6c561b446416e1a00e8e93e221854d6ea4171372,3000,0x2626664c2603336e57b271c5c0b26f421741e481,0xd0a40c6526acdebd4f6d87931098ff37a9f8e4bf,19800000000000000,-37463345,3451458691256813880624696,32511371478417262573,-200836,0x4200000000000000000000000000000000000006,0x833589fcd6edb6e08f4c7c32d4f71b54bda02913,WETH,18,USDC,6,0.0198,-37.463345,1897.7814283773691,0.0198,-37.463345,1892.088131313131,1897.7814283773691,37.463345,WETH_IN,2026-08-18 08:41:13+00:00,0.003,30.0
281,base,50126564,1787042475,40b2fac2a1028abcacd27c74505abe16a8fe83aee4c4b6b3e26606b088656ad4,133,408,0xb4cb800910b228ed3d0834cf79d697127bbb00e5,100,0x83d55acdc72027ed339d267eebaf9a41e47490d5,0x51c72848c68a965f66fa7a88855f9f7784502a7f,-160182625116016447,304204938,3452566761099684738742282,172415096172701489,-200830,0x4200000000000000000000000000000000000006,0x833589fcd6edb6e08f4c7c32d4f71b54bda02913,WETH,18,USDC,6,-0.1601826251160164,304.204938,1899.0001663747223,-0.1601826251160164,304.204938,1899.1132014453608,1899.0001663747223,304.204938,WETH_OUT,2026-08-18 08:41:15+00:00,0.0001,1.0
282,base,50126569,1787042485,b498614728a7638860d42592c02c42a0e332e6572aea34e2104e59d4f0c554e8,122,532,0xb4cb800910b228ed3d0834cf79d697127bbb00e5,100,0xfdf682f51fe81aa4898f0ae2163d8a55c127fbc7,0xfdf682f51fe81aa4898f0ae2163d8a55c127fbc7,60000000000000,-113928,3452566708747222770474541,172415096172701489,-200830,0x4200000000000000000000000000000000000006,0x833589fcd6edb6e08f4c7c32d4f71b54bda02913,WETH,18,USDC,6,6e-05,-0.113928,1899.0001087843327,6e-05,-0.113928,1898.8,1899.0001087843327,0.113928,WETH_IN,2026-08-18 08:41:25+00:00,0.0001,1.0
283,base,50126572,1787042491,b0b30623356c63e9a6863e8c8febe13267b4d121d84a77f5624e04d1e3136b1c,92,348,0xb4cb800910b228ed3d0834cf79d697127bbb00e5,100,0x83d55acdc72027ed339d267eebaf9a41e47490d5,0x51c72848c68a965f66fa7a88855f9f7784502a7f,132657104816218480,-251882220,3452450963862129154718777,172415096172701489,-200831,0x4200000000000000000000000000000000000006,0x833589fcd6edb6e08f4c7c32d4f71b54bda02913,WETH,18,USDC,6,0.1326571048162184,-251.88222,1898.872785616607,0.1326571048162184,-251.88222,1898.746549225196,1898.872785616607,251.88222,WETH_IN,2026-08-18 08:41:31+00:00,0.0001,1.0
284,base,50126573,1787042493,fdc7b9a395486ffaf4640482855dafaa82879882a97d3ac1aa903fc526b14bae,26,159,0xb4cb800910b228ed3d0834cf79d697127bbb00e5,100,0xfdf682f51fe81aa4898f0ae2163d8a55c127fbc7,0xa72924d7f6dc0c83506470e2d7cfe42bb1e282b7,25552849409263942,-48516444,3452428669591703684703515,172415096172701489,-200831,0x4200000000000000000000000000000000000006,0x833589fcd6edb6e08f4c7c32d4f71b54bda02913,WETH,18,USDC,6,0.0255528494092639,-48.516444,1898.848261678603,0.0255528494092639,-48.516444,1898.6706031465449,1898.848261678603,48.516444,WETH_IN,2026-08-18 08:41:33+00:00,0.0001,1.0
6992,base,50126574,1787042495,7ec17354f1e303de53f9a35608e664de4a040eb2be18c83ecde61fca59c41168,91,294,0xd0b53d9277642d899df5c87a3966a349a798f224,500,0x2626664c2603336e57b271c5c0b26f421741e481,0x2626664c2603336e57b271c5c0b26f421741e481,3160154648241233,-6000000,3453103648778168486121103,1097441816227701765,-200827,0x4200000000000000000000000000000000000006,0x833589fcd6edb6e08f4c7c32d4f71b54bda02913,WETH,18,USDC,6,0.0031601546482412,-6.0,1899.5908162496216,0.0031601546482412,-6.0,1898.6412590090383,1899.5908162496216,6.0,WETH_IN,2026-08-18 08:41:35+00:00,0.0005,5.0
6993,base,50126575,1787042497,cbac8b45fbfcbf0737b4b77c8800d4fcae6243ac3ff1b248ea0bf3876255b555,138,479,0xd0b53d9277642d899df5c87a3966a349a798f224,500,0xfdf682f51fe81aa4898f0ae2163d8a55c127fbc7,0x5ee04200681c828c6d040b70b2cd151ab73584c8,78300000000000000,-148663129,3453092916266941580899784,1097441816227701765,-200827,0x4200000000000000000000000000000000000006,0x833589fcd6edb6e08f4c7c32d4f71b54bda02913,WETH,18,USDC,6,0.0783,-148.663129,1899.579008119804,0.0783,-148.663129,1898.6351085568328,1899.579008119804,148.663129,WETH_IN,2026-08-18 08:41:37+00:00,0.0005,5.0
285,base,50126575,1787042497,cbac8b45fbfcbf0737b4b77c8800d4fcae6243ac3ff1b248ea0bf3876255b555,138,482,0xb4cb800910b228ed3d0834cf79d697127bbb00e5,100,0xfdf682f51fe81aa4898f0ae2163d8a55c127fbc7,0x5ee04200681c828c6d040b70b2cd151ab73584c8,182700000000000000,-346868870,3452269276453634504323406,172415096172701489,-200832,0x4200000000000000000000000000000000000006,0x833589fcd6edb6e08f4c7c32d4f71b54bda02913,WETH,18,USDC,6,0.1827,-346.86887,1898.6729321205628,0.1827,-346.86887,1898.5707170224407,1898.6729321205628,346.86887,WETH_IN,2026-08-18 08:41:37+00:00,0.0001,1.0
6994,base,50126579,1787042505,6142fdd6a8f7839dfc29bd6af4cced15b04f39bd860cfaa0eb09e8a61c9c682c,64,203,0xd0b53d9277642d899df5c87a3966a349a798f224,500,0x2626664c2603336e57b271c5c0b26f421741e481,0x2626664c2603336e57b271c5c0b26f421741e481,-463028902754859,880000,3453092979765453839692388,1097441816227701765,-200827,0x4200000000000000000000000000000000000006,0x833589fcd6edb6e08f4c7c32d4f71b54bda02913,WETH,18,USDC,6,-0.0004630289027548,0.88,1899.5790779820663,-0.0004630289027548,0.88,1900.5293077047884,1899.5790779820663,0.88,WETH_OUT,2026-08-18 08:41:45+00:00,0.0005,5.0
9987,base,50126581,1787042509,78ba78d24c57d39b690d23cadc35503fd5a48452b68a49bff3590b7ee66afa4f,97,403,0x6c561b446416e1a00e8e93e221854d6ea4171372,3000,0xcdbdc59a5eeb54027f8b45b118e3cd1f675d79c5,0xcdbdc59a5eeb54027f8b45b118e3cd1f675d79c5,-25983498026137,49460,3451458691376991763828976,32508643167728451145,-200836,0x4200000000000000000000000000000000000006,0x833589fcd6edb6e08f4c7c32d4f71b54bda02913,WETH,18,USDC,6,-2.5983498026137e-05,0.04946,1897.7814285095285,-2.5983498026137e-05,0.04946,1903.5158372536216,1897.7814285095285,0.04946,WETH_OUT,2026-08-18 08:41:49+00:00,0.003,30.0
286,base,50126586,1787042519,d6ea1ca89235d1e034191cb06a3adcd761d4235ae875d7189bc981ccf6ff6e88,79,332,0xb4cb800910b228ed3d0834cf79d697127bbb00e5,100,0xc774f0643949d72bc72c470b382b68006a507c6f,0xc774f0643949d72bc72c470b382b68006a507c6f,-27132204193470890,51520688,3452292948865530698116796,172415096172701489,-200832,0x4200000000000000000000000000000000000006,0x833589fcd6edb6e08f4c7c32d4f71b54bda02913,WETH,18,USDC,6,-0.0271322041934708,51.520688,1898.6989708320332,-0.0271322041934708,51.520688,1898.8758757903636,1898.6989708320332,51.520688,WETH_OUT,2026-08-18 08:41:59+00:00,0.0001,1.0
9988,base,50126589,1787042525,3d5593e6d883eb615380103e9ac631fd6b9e88773794792be6804cf8d277cdaf,177,674,0x6c561b446416e1a00e8e93e221854d6ea4171372,3000,0xa9595ef01554ff0de2ba6b5dc23e05a670c371f3,0xa9595ef01554ff0de2ba6b5dc23e05a670c371f3,-14750594049520569,28077637,3451458759600877639236653,32508643167728451145,-200836,0x4200000000000000000000000000000000000006,0x833589fcd6edb6e08f4c7c32d4f71b54bda02913,WETH,18,USDC,6,-0.0147505940495205,28.077637,1897.7815035352128,-0.0147505940495205,28.077637,1903.491947899725,1897.7815035352128,28.077637,WETH_OUT,2026-08-18 08:42:05+00:00,0.003,30.0
287,base,50126589,1787042525,2c2ff7adee20cdda7fb16074d79472a8a0e434cf39685bcc7477bfe619689426,185,697,0xb4cb800910b228ed3d0834cf79d697127bbb00e5,100,0xc774f0643949d72bc72c470b382b68006a507c6f,0xc774f0643949d72bc72c470b382b68006a507c6f,-25147738681524045,47753066,3452314890153075415867531,172415096172701489,-200831,0x4200000000000000000000000000000000000006,0x833589fcd6edb6e08f4c7c32d4f71b54bda02913,WETH,18,USDC,6,-0.025147738681524,47.753066,1898.7231055350169,-0.025147738681524,47.753066,1898.9009948271807,1898.7231055350169,47.753066,WETH_OUT,2026-08-18 08:42:05+00:00,0.0001,1.0
9989,base,50126590,1787042527,fcad60eac057b607a327443f6aa0ceb97216a493d1d042860a374cede6466821,122,700,0x6c561b446416e1a00e8e93e221854d6ea4171372,3000,0xa9595ef01554ff0de2ba6b5dc23e05a670c371f3,0xa9595ef01554ff0de2ba6b5dc23e05a670c371f3,-52177821256964662,99320072,3451459000931771159937142,32508643167728451145,-200836,0x4200000000000000000000000000000000000006,0x833589fcd6edb6e08f4c7c32d4f71b54bda02913,WETH,18,USDC,6,-0.0521778212569646,99.320072,1897.7817689263727,-0.0521778212569646,99.320072,1903.492127639247,1897.7817689263727,99.320072,WETH_OUT,2026-08-18 08:42:07+00:00,0.003,30.0
9990,base,50126592,1787042531,40e9c5055c7a8bd23a6c3e5ab3ade500c785b9e0f22926504d9665852a28c893,105,413,0x6c561b446416e1a00e8e93e221854d6ea4171372,3000,0x2626664c2603336e57b271c5c0b26f421741e481,0xd0a40c6526acdebd4f6d87931098ff37a9f8e4bf,52470000000000000,-99277872,3451458758977550368915830,32508643167728451145,-200836,0x4200000000000000000000000000000000000006,0x833589fcd6edb6e08f4c7c32d4f71b54bda02913,WETH,18,USDC,6,0.05247,-99.277872,1897.7815028497407,0.05247,-99.277872,1892.0882790165808,1897.7815028497407,99.277872,WETH_IN,2026-08-18 08:42:11+00:00,0.003,30.0
288,base,50126594,1787042535,d631fe24b4cc5ada60052146658a13311a435df9cf4c56d22b4135f21d639da2,121,273,0xb4cb800910b228ed3d0834cf79d697127bbb00e5,100,0xecec48ec5a7b7f7b96460b0f4e2b99cf0db94cb1,0xecec48ec5a7b7f7b96460b0f4e2b99cf0db94cb1,-109222249264900510,207409274,3452410189304720818003073,172415096172701489,-200831,0x4200000000000000000000000000000000000006,0x833589fcd6edb6e08f4c7c32d4f71b54bda02913,WETH,18,USDC,6,-0.1092222492649005,207.409274,1898.827933283579,-0.1092222492649005,207.409274,1898.9654158921696,1898.827933283579,207.409274,WETH_OUT,2026-08-18 08:42:15+00:00,0.0001,1.0
289,base,50126595,1787042537,645c14d1c9f96f1d1a50316536db870b51aed73a08dd0cba5d2706bf9c1c3a2d,28,175,0xb4cb800910b228ed3d0834cf79d697127bbb00e5,100,0xaee2b8d4a154e36f479daece3fb3e6c3c03d396e,0x6a000f20005980200259b80c5102003040001068,-3029408560380266,5752906,3452412832614652444724528,172415096172701489,-200831,0x4200000000000000000000000000000000000006,0x833589fcd6edb6e08f4c7c32d4f71b54bda02913,WETH,18,USDC,6,-0.0030294085603802,5.752906,1898.8308409291835,-0.0030294085603802,5.752906,1899.0195232292692,1898.8308409291835,5.752906,WETH_OUT,2026-08-18 08:42:17+00:00,0.0001,1.0
6995,base,50126596,1787042539,7b2e72d7589b4baf153b0dc4d1d0280bfa5587972ff97829a099e822ea843844,114,351,0xd0b53d9277642d899df5c87a3966a349a798f224,500,0x6ff5693b99212da76ad316178a184ab56d299b43,0x510adaf5fcad62843a43d2f67497849cb7bac847,9600000000000000,-18226834,3453091663906551235877627,1097441816227701765,-200827,0x4200000000000000000000000000000000000006,0x833589fcd6edb6e08f4c7c32d4f71b54bda02913,WETH,18,USDC,6,0.0096,-18.226834,1899.5776302495096,0.0096,-18.226834,1898.628541666667,1899.5776302495096,18.226834,WETH_IN,2026-08-18 08:42:19+00:00,0.0005,5.0
9991,base,50126597,1787042541,9510b283ee9a80c73184962aab8e274211e793b7b9cc07de762d47b3db979c92,49,193,0x6c561b446416e1a00e8e93e221854d6ea4171372,3000,0x2626664c2603336e57b271c5c0b26f421741e481,0xd0a40c6526acdebd4f6d87931098ff37a9f8e4bf,-128586017718232592,244762496,3451459353708816811976728,32508643167728451145,-200836,0x4200000000000000000000000000000000000006,0x833589fcd6edb6e08f4c7c32d4f71b54bda02913,WETH,18,USDC,6,-0.1285860177182325,244.762496,1897.7821568747047,-0.1285860177182325,244.762496,1903.4923107762936,1897.7821568747047,244.762496,WETH_OUT,2026-08-18 08:42:21+00:00,0.003,30.0
290,base,50126600,1787042547,2dfef278c60611a28a8def4570d3b5b2bfa67f9bdf35d9feaa56f50bae3560bb,130,595,0xb4cb800910b228ed3d0834cf79d697127bbb00e5,100,0x83d55acdc72027ed339d267eebaf9a41e47490d5,0x51c72848c68a965f66fa7a88855f9f7784502a7f,-146312337143729166,277860439,3452540502238676412524735,172415096172701489,-200830,0x4200000000000000000000000000000000000006,0x833589fcd6edb6e08f4c7c32d4f71b54bda02913,WETH,18,USDC,6,-0.1463123371437291,277.860439,1898.9712803920645,-0.1463123371437291,277.860439,1899.0909749944408,1898.9712803920645,277.860439,WETH_OUT,2026-08-18 08:42:27+00:00,0.0001,1.0
9992,base,50126601,1787042549,48e6edf3d54a5fb0f1736fe25c53a5ab23f3f8dd96acd7d17592841c66c8a4fa,61,334,0x6c561b446416e1a00e8e93e221854d6ea4171372,3000,0x2626664c2603336e57b271c5c0b26f421741e481,0xd0a40c6526acdebd4f6d87931098ff37a9f8e4bf,-21143260156476006,40246042,3451459451499856893710028,32508643167728451145,-200836,0x4200000000000000000000000000000000000006,0x833589fcd6edb6e08f4c7c32d4f71b54bda02913,WETH,18,USDC,6,-0.021143260156476,40.246042,1897.7822644153557,-0.021143260156476,40.246042,1903.492730172597,1897.7822644153557,40.246042,WETH_OUT,2026-08-18 08:42:29+00:00,0.003,30.0
6996,base,50126604,1787042555,5f68d0cff74f5bccd65d8afa945f331c02c4cfffd9d399decc41aa355d000ef6,67,350,0xd0b53d9277642d899df5c87a3966a349a798f224,500,0x6ff5693b99212da76ad316178a184ab56d299b43,0x6ff5693b99212da76ad316178a184ab56d299b43,200000000000000,-379725,3453091636492834762392421,1097441816227701765,-200827,0x4200000000000000000000000000000000000006,0x833589fcd6edb6e08f4c7c32d4f71b54bda02913,WETH,18,USDC,6,0.0002,-0.379725,1899.577600088432,0.0002,-0.379725,1898.625,1899.577600088432,0.379725,WETH_IN,2026-08-18 08:42:35+00:00,0.0005,5.0
291,base,50126607,1787042561,daecbf39b64888ce92dddcfa923111d51ae78882f9a18d8fc09fb83f82c33aee,117,307,0xb4cb800910b228ed3d0834cf79d697127bbb00e5,100,0x6a2754867af13749ec3f1974e072f8bdb6e9f993,0x6a2754867af13749ec3f1974e072f8bdb6e9f993,1418445000000000,-2693315,3452539264606462129911643,172415096172701489,-200830,0x4200000000000000000000000000000000000006,0x833589fcd6edb6e08f4c7c32d4f71b54bda02913,WETH,18,USDC,6,0.001418445,-2.693315,1898.9699189438156,0.001418445,-2.693315,1898.7800020444924,1898.9699189438156,2.693315,WETH_IN,2026-08-18 08:42:41+00:00,0.0001,1.0
292,base,50126609,1787042565,f294422d91a8a9dc67e59210efeb0e71962aec92d16d20a4cca835c3bc12fdb8,45,202,0xb4cb800910b228ed3d0834cf79d697127bbb00e5,100,0xc774f0643949d72bc72c470b382b68006a507c6f,0xc774f0643949d72bc72c470b382b68006a507c6f,30704192818239332,-58300055,3452512474572546124273013,172415096172701489,-200830,0x4200000000000000000000000000000000000006,0x833589fcd6edb6e08f4c7c32d4f71b54bda02913,WETH,18,USDC,6,0.0307041928182393,-58.300055,1898.940448882937,0.0307041928182393,-58.300055,1898.7652710859668,1898.940448882937,58.300055,WETH_IN,2026-08-18 08:42:45+00:00,0.0001,1.0
293,base,50126610,1787042567,907f614027697e9a555d1f5b59a97986aaea5d0873512ddc27c739e30b948508,153,708,0xb4cb800910b228ed3d0834cf79d697127bbb00e5,100,0xc774f0643949d72bc72c470b382b68006a507c6f,0xc774f0643949d72bc72c470b382b68006a507c6f,27532015822291203,-52276066,3452488452681242558195473,172415096172701489,-200830,0x4200000000000000000000000000000000000006,0x833589fcd6edb6e08f4c7c32d4f71b54bda02913,WETH,18,USDC,6,0.0275320158222912,-52.276066,1898.9140240791476,0.0275320158222912,-52.276066,1898.737322302236,1898.9140240791476,52.276066,WETH_IN,2026-08-18 08:42:47+00:00,0.0001,1.0
294,base,50126612,1787042571,c1a77421b4cd94adee270ae3702acce69df543eb01dc2d057600bce6d1818230,125,1428,0xb4cb800910b228ed3d0834cf79d697127bbb00e5,100,0xc10ee9031f2a0b84766a86b55a8d90f357910fb4,0xc10ee9031f2a0b84766a86b55a8d90f357910fb4,1995000000000000,-3787952,3452486712041695671416391,172415096172701489,-200830,0x4200000000000000000000000000000000000006,0x833589fcd6edb6e08f4c7c32d4f71b54bda02913,WETH,18,USDC,6,0.001995,-3.787952,1898.9121093303747,0.001995,-3.787952,1898.7228070175445,1898.9121093303747,3.787952,WETH_IN,2026-08-18 08:42:51+00:00,0.0001,1.0
295,base,50126613,1787042573,bc19d55529aec44194074c1b6f5298d0ee4fcf5d97517513bb1d976252902765,48,267,0xb4cb800910b228ed3d0834cf79d697127bbb00e5,100,0xc774f0643949d72bc72c470b382b68006a507c6f,0xc774f0643949d72bc72c470b382b68006a507c6f,19846734696770391,-37683247,3452469395840891285067769,172415096172701489,-200830,0x4200000000000000000000000000000000000006,0x833589fcd6edb6e08f4c7c32d4f71b54bda02913,WETH,18,USDC,6,0.0198467346967703,-37.683247,1898.8930611116984,0.0198467346967703,-37.683247,1898.71268879974,1898.8930611116984,37.683247,WETH_IN,2026-08-18 08:42:53+00:00,0.0001,1.0
296,base,50126614,1787042575,56ffe3ee22db84571538ddef68c999d444b5aba12dda829d264ed2fe2eedef7d,30,106,0xb4cb800910b228ed3d0834cf79d697127bbb00e5,100,0xfdf682f51fe81aa4898f0ae2163d8a55c127fbc7,0xfdf682f51fe81aa4898f0ae2163d8a55c127fbc7,-26600261725159435,50516444,3452492606829157585945002,172415096172701489,-200830,0x4200000000000000000000000000000000000006,0x833589fcd6edb6e08f4c7c32d4f71b54bda02913,WETH,18,USDC,6,-0.0266002617251594,50.516444,1898.9185937537968,-0.0266002617251594,50.516444,1899.0957503331565,1898.9185937537968,50.516444,WETH_OUT,2026-08-18 08:42:55+00:00,0.0001,1.0
297,base,50126614,1787042575,c8d039d252942c582f65712c9976f087bacda2d9d46ced2e7dc117b41020f5ef,69,211,0xb4cb800910b228ed3d0834cf79d697127bbb00e5,100,0xc774f0643949d72bc72c470b382b68006a507c6f,0xc774f0643949d72bc72c470b382b68006a507c6f,20441587989327622,-38812829,3452474771562887385873634,172415096172701489,-200830,0x4200000000000000000000000000000000000006,0x833589fcd6edb6e08f4c7c32d4f71b54bda02913,WETH,18,USDC,6,0.0204415879893276,-38.812829,1898.898974519161,0.0204415879893276,-38.812829,1898.7188774308456,1898.898974519161,38.812829,WETH_IN,2026-08-18 08:42:55+00:00,0.0001,1.0
298,base,50126615,1787042577,78328fee7e9b85a1429227afb91810dcd707e700fcc1b4ffcdd9ec0371e4b702,101,743,0xb4cb800910b228ed3d0834cf79d697127bbb00e5,100,0xc774f0643949d72bc72c470b382b68006a507c6f,0xc774f0643949d72bc72c470b382b68006a507c6f,21212100578132600,-40275392,3452456264219928375367499,172415096172701489,-200831,0x4200000000000000000000000000000000000006,0x833589fcd6edb6e08f4c7c32d4f71b54bda02913,WETH,18,USDC,6,0.0212121005781326,-40.275392,1898.8786160906732,0.0212121005781326,-40.275392,1898.6988983787685,1898.8786160906732,40.275392,WETH_IN,2026-08-18 08:42:57+00:00,0.0001,1.0
6997,base,50126615,1787042577,c6cb0af8f812bc6459dab4229ce4bd085872699f6295fcc3f2841ac016554d90,104,752,0xd0b53d9277642d899df5c87a3966a349a798f224,500,0x83d55acdc72027ed339d267eebaf9a41e47490d5,0x51c72848c68a965f66fa7a88855f9f7784502a7f,827767575148623232,-1571570901,3452978179293631924063271,1097441816227701765,-200828,0x4200000000000000000000000000000000000006,0x833589fcd6edb6e08f4c7c32d4f71b54bda02913,WETH,18,USDC,6,0.8277675751486232,-1571.570901,1899.4527744329257,0.8277675751486232,-1571.570901,1898.5654284873733,1899.4527744329257,1571.570901,WETH_IN,2026-08-18 08:42:57+00:00,0.0005,5.0
299,base,50126615,1787042577,92bfe97c8cba01e38f23a2a2a0db3dca04634ffa692ecbd5b1d9f44de9d8749b,109,764,0xb4cb800910b228ed3d0834cf79d697127bbb00e5,100,0x83d55acdc72027ed339d267eebaf9a41e47490d5,0x51c72848c68a965f66fa7a88855f9f7784502a7f,191806308645348800,-364162824,3452288924166314131215763,172415096172701489,-200832,0x4200000000000000000000000000000000000006,0x833589fcd6edb6e08f4c7c32d4f71b54bda02913,WETH,18,USDC,6,0.1918063086453488,-364.162824,1898.6945438103876,0.1918063086453488,-364.162824,1898.5966966985409,1898.6945438103876,364.162824,WETH_IN,2026-08-18 08:42:57+00:00,0.0001,1.0
6998,base,50126615,1787042577,8695161ba20d2108cde7f52611b76af45af3591839282e3661f105ee961ebd68,185,1001,0xd0b53d9277642d899df5c87a3966a349a798f224,500,0x83d55acdc72027ed339d267eebaf9a41e47490d5,0x51c72848c68a965f66fa7a88855f9f7784502a7f,221996686135517056,-421457671,3452947752790470486554105,1097441816227701765,-200828,0x4200000000000000000000000000000000000006,0x833589fcd6edb6e08f4c7c32d4f71b54bda02913,WETH,18,USDC,6,0.221996686135517,-421.457671,1899.419299879532,0.221996686135517,-421.457671,1898.48631678548,1899.419299879532,421.457671,WETH_IN,2026-08-18 08:42:57+00:00,0.0005,5.0
6999,base,50126616,1787042579,e53d82586b3d2cd674bba255f83b6d5c84dd91bb035b603ab62282ab395011b3,42,226,0xd0b53d9277642d899df5c87a3966a349a798f224,500,0xc774f0643949d72bc72c470b382b68006a507c6f,0xc774f0643949d72bc72c470b382b68006a507c6f,150353186140033351,-285439248,3452927145932949929871001,1097441816227701765,-200828,0x4200000000000000000000000000000000000006,0x833589fcd6edb6e08f4c7c32d4f71b54bda02913,WETH,18,USDC,6,0.1503531861400333,-285.439248,1899.39662884661,0.1503531861400333,-285.439248,1898.4582590365096,1899.39662884661,285.439248,WETH_IN,2026-08-18 08:42:59+00:00,0.0005,5.0
300,base,50126616,1787042579,a9ddd867dc0ba6a829392f102834cf9675ea38038f4faeacf671cf048cbbdc85,53,256,0xb4cb800910b228ed3d0834cf79d697127bbb00e5,100,0xc774f0643949d72bc72c470b382b68006a507c6f,0xc774f0643949d72bc72c470b382b68006a507c6f,20727274078591708,-39350620,3452270841774260389396702,172415096172701489,-200832,0x4200000000000000000000000000000000000006,0x833589fcd6edb6e08f4c7c32d4f71b54bda02913,WETH,18,USDC,6,0.0207272740785917,-39.35062,1898.6746539054748,0.0207272740785917,-39.35062,1898.4947007886356,1898.6746539054748,39.35062,WETH_IN,2026-08-18 08:42:59+00:00,0.0001,1.0
301,base,50126616,1787042579,d71a004a0090dd40c2423f63d8222aacdc8702052adf193ea9c35226d57e96e1,80,381,0xb4cb800910b228ed3d0834cf79d697127bbb00e5,100,0x5692193a40e908d94bddbc988356cd7f1679eab4,0x9a972d8c3a8dd27e5811cbcb75ebdac924fb53a1,2580905379488371,-4899806,3452268590215861107578805,172415096172701489,-200832,0x4200000000000000000000000000000000000006,0x833589fcd6edb6e08f4c7c32d4f71b54bda02913,WETH,18,USDC,6,0.0025809053794883,-4.899806,1898.6721772889712,0.0025809053794883,-4.899806,1898.4833922781468,1898.6721772889712,4.899806,WETH_IN,2026-08-18 08:42:59+00:00,0.0001,1.0
302,base,50126616,1787042579,74bcb44b62714b35c456e6e00fc44e71e60d4b4eecfeee5ba28a6d427299db47,158,643,0xb4cb800910b228ed3d0834cf79d697127bbb00e5,100,0x2626664c2603336e57b271c5c0b26f421741e481,0x448285eece56329c9d7124ca0bac7674b9037490,-41385346075385709,78585886,3452304698380583356245429,172415096172701489,-200831,0x4200000000000000000000000000000000000006,0x833589fcd6edb6e08f4c7c32d4f71b54bda02913,WETH,18,USDC,6,-0.0413853460753857,78.585886,1898.7118948975356,-0.0413853460753857,78.585886,1898.8819341235285,1898.7118948975356,78.585886,WETH_OUT,2026-08-18 08:42:59+00:00,0.0001,1.0
303,base,50126617,1787042581,d865dc2aa5ebc4850e3254c6f77261421cecaeb82c870ecc99c380d1b8088e35,54,254,0xb4cb800910b228ed3d0834cf79d697127bbb00e5,100,0xc774f0643949d72bc72c470b382b68006a507c6f,0xc774f0643949d72bc72c470b382b68006a507c6f,22001546755845474,-41770188,3452285504148855726366073,172415096172701489,-200832,0x4200000000000000000000000000000000000006,0x833589fcd6edb6e08f4c7c32d4f71b54bda02913,WETH,18,USDC,6,0.0220015467558454,-41.770188,1898.6907819205724,0.0220015467558454,-41.770188,1898.511430288523,1898.6907819205724,41.770188,WETH_IN,2026-08-18 08:43:01+00:00,0.0001,1.0
7000,base,50126619,1787042585,f5a00d3f5a241bb34e40ebe624ab8c454b8c769e4e78d60497b280f3ea2078f6,21,110,0xd0b53d9277642d899df5c87a3966a349a798f224,500,0x2626664c2603336e57b271c5c0b26f421741e481,0xc5d8fa6439a5a8caa4ab24025751255296f1551a,330321280885573,-627097,3452927100660594658269468,1097441816227701765,-200828,0x4200000000000000000000000000000000000006,0x833589fcd6edb6e08f4c7c32d4f71b54bda02913,WETH,18,USDC,6,0.0003303212808855,-0.627097,1899.3965790395011,0.0003303212808855,-0.627097,1898.445653633904,1899.3965790395011,0.627097,WETH_IN,2026-08-18 08:43:05+00:00,0.0005,5.0
7001,base,50126620,1787042587,816563dd7a461dc780dd953ace245d44af9ed2254da0a31519e60962093f03ff,166,645,0xd0b53d9277642d899df5c87a3966a349a798f224,500,0x6ff5693b99212da76ad316178a184ab56d299b43,0x6ff5693b99212da76ad316178a184ab56d299b43,-3094171771552696,5880000,3452927524944038387180059,1097447170442947267,-200828,0x4200000000000000000000000000000000000006,0x833589fcd6edb6e08f4c7c32d4f71b54bda02913,WETH,18,USDC,6,-0.0030941717715526,5.88,1899.397045821769,-0.0030941717715526,5.88,1900.3469859235836,1899.397045821769,5.88,WETH_OUT,2026-08-18 08:43:07+00:00,0.0005,5.0
7002,base,50126621,1787042589,b51f0a784118836d22cf09a72fa1d0264487d87edf6df4d05248c77eed5b0c9f,84,243,0xd0b53d9277642d899df5c87a3966a349a798f224,500,0x2626664c2603336e57b271c5c0b26f421741e481,0x84d871e1b0488c96990ec1034043e9436d9d9576,-70680324536934,134318,3452927534635968080020739,1097447170442947267,-200828,0x4200000000000000000000000000000000000006,0x833589fcd6edb6e08f4c7c32d4f71b54bda02913,WETH,18,USDC,6,-7.0680324536934e-05,0.134318,1899.3970564845024,-7.0680324536934e-05,0.134318,1900.3591293615543,1899.3970564845024,0.134318,WETH_OUT,2026-08-18 08:43:09+00:00,0.0005,5.0
